cluster	gene_id	gene_name	p_value	p_value_adj	max_abs_delta_psi	Annotated	Region	diff_exp_rank	coordinates
101	ENSMUSG00000059534	Uqcr10	6.633415335181641e-116	1.1382940715171696e-112	0.116	True	CDS	3666.0	['chr11:4702221-4703904' 'chr11:4702221-4704101' 'chr11:4702221-4704157']
670	ENSMUSG00000074227	Spint2	2.0607920634742164e-86	1.768159590460878e-83	0.063	True	CDS	44.0	['chr7:29260431-29263595' 'chr7:29260431-29281512']
932	ENSMUSG00000025351	Cd63	3.5583319476454164e-50	2.0353658740531783e-47	0.176	True	5' UTR	1296.0	['chr10:128909053-128910395' 'chr10:128909523-128910395' 'chr10:128909959-128910395']
493	ENSMUSG00000062006	Rpl34	7.042393601579679e-45	3.0211868550776817e-42	0.071	True	5' UTR	843.0	['chr3:130729303-130729528' 'chr3:130729303-130730121' 'chr3:130729303-130730189' 'chr3:130729303-130730318']
227	ENSMUSG00000012405	Rpl15	2.1104263676174053e-41	7.242983293662935e-39	0.133	True	5' UTR	4976.0	['chr14:18270461-18270823' 'chr14:18270461-18270845' 'chr14:18270461-18270959']
1243	ENSMUSG00000026879	Gsn	7.091227408033986e-37	2.02809103869772e-34	0.764	True	5' UTR	2879.0	['chr2:35266904-35283905' 'chr2:35282602-35283905']
308	ENSMUSG00000022890	Atp5j	2.108360592883537e-31	5.168495396268786e-29	0.057	True	5' UTR	7723.0	['chr16:84831508-84833820' 'chr16:84831508-84834809' 'chr16:84831508-84834942']
128	ENSMUSG00000078812	Eif5a	1.4838655442660193e-27	3.1828915924506123e-25	0.086	True	5' UTR	2227.0	['chr11:69919337-69919449' 'chr11:69919337-69920341' 'chr11:69919337-69920781' 'chr11:69919337-69920801' 'chr11:69919337-69921024' 'chr11:69919337-69921163' 'chr11:69919337-69921187']
108	ENSMUSG00000001891	Ugp2	6.739862678945238e-26	1.2850671507855586e-23	0.343	True	CDS	407.0	['chr11:21354407-21370187' 'chr11:21354407-21371015']
1186	ENSMUSG00000046727	Cystm1	4.9618188782563424e-24	7.740437450079893e-22	0.088	True	5' UTR	218.0	['chr18:36348817-36366515' 'chr18:36350809-36366515']
191	ENSMUSG00000015937	Macroh2a1	1.7669467401056333e-23	2.3323696969394366e-21	0.263	True	CDS	6694.0	['chr13:56084286-56088252' 'chr13:56084286-56089758' 'chr13:56084286-56096124']
451	ENSMUSG00000027506	Tpd52	4.5793167894289405e-22	5.61293400761433e-20	0.166	True	CDS	203.0	['chr3:8953800-8963832' 'chr3:8953800-8963847' 'chr3:8953800-8963851' 'chr3:8953800-9003288' 'chr3:8953800-9004405']
267	ENSMUSG00000022565	Plec	1.450285225011853e-20	1.5554309038252124e-18	0.368	True	CDS	1726.0	['chr15:76194813-76195424' 'chr15:76194813-76197980' 'chr15:76194813-76199549' 'chr15:76194813-76205598' 'chr15:76194813-76208965' 'chr15:76194813-76229358']
955	ENSMUSG00000013643	Lypd8	6.379774259955858e-19	6.439819194167207e-17	0.059	True	5' UTR	14.0	['chr11:58379099-58382285' 'chr11:58379710-58382285' 'chr11:58379888-58382285' 'chr11:58380658-58382285']
721	ENSMUSG00000030695	Aldoa	6.902351806224987e-18	6.233913526043201e-16	0.06	True	CDS	27.0	['chr7:126797777-126797974' 'chr7:126797777-126799045' 'chr7:126797777-126800002' 'chr7:126797777-126800288']
1715	ENSMUSG00000041133	Smc1a	1.70152953507406e-17	1.3903927058033744e-15	0.209	True	CDS	10820.0	['chrX:152016641-152026238' 'chrX:152023152-152026238']
1252	ENSMUSG00000059005	Hnrnpa3	1.4759304303494846e-16	9.7411408403066e-15	0.151	True	CDS	6662.0	['chr2:75659324-75661466' 'chr2:75659390-75661466']
1036	ENSMUSG00000062248	Cks2	1.7784622229650767e-16	1.1303115461511378e-14	0.105	False	CDS	9631.0	['chr13:51645472-51649585' 'chr13:51645508-51649585' 'chr13:51646095-51649585']
1500	ENSMUSG00000004535	Tax1bp1	4.975345210537023e-16	2.944031855614321e-14	0.059	True	5' UTR	1275.0	['chr6:52708859-52721298' 'chr6:52713856-52721298' 'chr6:52713889-52721298' 'chr6:52714630-52721298']
316	ENSMUSG00000023911	Flywch2	1.701446396414203e-14	9.23736731847502e-13	0.402	False	5' UTR	7171.0	['chr17:23780057-23786001' 'chr17:23780057-23786177']
970	ENSMUSG00000000631	Myo18a	1.7225859801352023e-14	9.23736731847502e-13	0.282	True	5' UTR	6500.0	['chr11:77763380-77777235' 'chr11:77765717-77777235']
1314	ENSMUSG00000042747	Krtcap2	1.8325976373735202e-14	9.529507714342307e-13	0.067	True	5' UTR	3826.0	['chr3:89238256-89246778' 'chr3:89243953-89246778' 'chr3:89246516-89246778' 'chr3:89246594-89246778']
1511	ENSMUSG00000034744	Nagk	1.916461235975529e-14	9.672492590982376e-13	0.359	True	CDS	1464.0	['chr6:83795249-83796907' 'chr6:83795283-83796907' 'chr6:83795375-83796907']
546	ENSMUSG00000028964	Park7	2.5168699076457802e-14	1.233985360434331e-12	0.057	True	5' UTR	10250.0	['chr4:150908424-150909783' 'chr4:150908424-150914320']
642	ENSMUSG00000030189	Ybx3	3.1961312848501706e-14	1.5222018104454725e-12	0.078	True	CDS	11209.0	['chr6:131370415-131375974' 'chr6:131370415-131379358']
106	ENSMUSG00000078974	Sec61g	3.282136770774037e-14	1.5222018104454725e-12	0.053	True	CDS	11758.0	['chr11:16506473-16508079' 'chr11:16506473-16508100' 'chr11:16506473-16508104']
1028	ENSMUSG00000021213	Akr1c13	3.726357266846533e-14	1.6827444920812238e-12	0.149	True	CDS	766.0	['chr13:4191311-4194034' 'chr13:4192436-4194034']
279	ENSMUSG00000023031	Cela1	5.554363887204129e-14	2.443920110369816e-12	0.113	True	CDS	2153.0	['chr15:100675474-100679003' 'chr15:100675474-100681143' 'chr15:100675474-100682887']
1423	ENSMUSG00000003161	Sri	3.6633555791245753e-13	1.533248335067749e-11	0.184	True	CDS	260.0	['chr5:8046216-8057538' 'chr5:8056640-8057538' 'chr5:8056890-8057538']
1503	ENSMUSG00000036371	Serbp1	1.0889916390201626e-12	4.4493086965680934e-11	0.075	True	CDS	10111.0	['chr6:67271321-67272157' 'chr6:67272028-67272157']
226	ENSMUSG00000053453	Thoc7	1.1670936692895093e-12	4.597990301772807e-11	0.124	True	CDS	11431.0	['chr14:13954657-13957062' 'chr14:13954657-13957460' 'chr14:13954657-13957480' 'chr14:13954657-13957554' 'chr14:13954657-13961185']
196	ENSMUSG00000021556	Golm1	1.1789718722494375e-12	4.597990301772807e-11	0.095	False	5' UTR	1939.0	['chr13:59665677-59674314' 'chr13:59665677-59674961' 'chr13:59665677-59675727']
1014	ENSMUSG00000021134	Srsf5	1.9490505595529728e-12	7.27080600041935e-11	0.13	True	5' UTR	2473.0	['chr12:80945669-80946576' 'chr12:80945673-80946576' 'chr12:80945799-80946576']
756	ENSMUSG00000031838	Ifi30	2.1070172963952524e-12	7.692854639604798e-11	0.063	False	Non-coding	2807.0	['chr8:70763880-70764076' 'chr8:70763880-70764547']
21	ENSMUSG00000026279	Thap4	2.382432395036704e-12	8.517195812256217e-11	0.22	True	CDS	2599.0	['chr1:93725317-93731857' 'chr1:93725317-93749847']
1694	ENSMUSG00000048758	Rpl29	5.925777614685167e-12	2.0337268773599499e-10	0.071	True	5' UTR	435.0	['chr9:106429577-106429970' 'chr9:106429640-106429970' 'chr9:106429814-106429970']
1234	ENSMUSG00000026775	Yme1l1	8.863147795378127e-12	2.8696531352582767e-10	0.176	False	5' UTR	1382.0	['chr2:23155715-23160192' 'chr2:23156732-23160192']
627	ENSMUSG00000029994	Anxa4	3.104075047562468e-11	9.344899616872274e-10	0.12	True	5' UTR	356.0	['chr6:86765808-86774949' 'chr6:86765808-86790894' 'chr6:86765808-86792993' 'chr6:86765808-86793509']
983	ENSMUSG00000047040	Prr15l	3.725905411207098e-11	1.0836701162087086e-09	0.153	True	5' UTR	178.0	['chr11:96929510-96934518' 'chr11:96931554-96934518']
11	ENSMUSG00000025980	Hspd1	3.9661921373638904e-11	1.1343309512860728e-09	0.078	True	5' UTR	17601.0	['chr1:55086942-55087779' 'chr1:55086942-55087989' 'chr1:55086942-55088145']
1035	ENSMUSG00000021361	Tmem14c	4.2800969667011505e-11	1.2040403925998646e-09	0.107	False	5' UTR	441.0	['chr13:41016399-41017706' 'chr13:41017174-41017706' 'chr13:41017269-41017706']
872	ENSMUSG00000053332	Gas5	5.015165672432338e-10	1.2655918079255726e-08	0.107	True	Non-coding	5731.0	['chr1:161036853-161037288' 'chr1:161037165-161037288']
1640	ENSMUSG00000056608	Chd9	5.506328171749285e-10	1.3693998757567787e-08	0.383	True	CDS	6940.0	['chr8:90933863-90956383' 'chr8:90955330-90956383' 'chr8:90955683-90956383']
236	ENSMUSG00000060373	Hnrnpc	6.611322762760316e-10	1.5756985917912087e-08	0.112	True	CDS	1895.0	['chr14:52081308-52081789' 'chr14:52081308-52081828']
1473	ENSMUSG00000049327	Kmt5a	7.563663846749172e-10	1.7542481009540516e-08	0.07	True	CDS	7118.0	['chr5:124440016-124447214' 'chr5:124445729-124447214' 'chr5:124446085-124447214' 'chr5:124446910-124447214']
1573	ENSMUSG00000035165	Kcne3	7.564939363088568e-10	1.7542481009540516e-08	0.17	True	5' UTR	9894.0	['chr7:100178767-100184138' 'chr7:100181275-100184138' 'chr7:100182824-100184138' 'chr7:100183075-100184138']
844	ENSMUSG00000031358	Msl3	1.297985617430442e-09	2.9697910926808512e-08	0.169	True	CDS	9409.0	['chrX:168671891-168672263' 'chrX:168671891-168673728']
1693	ENSMUSG00000035048	Anapc13	2.712271603614964e-09	5.891465913675036e-08	0.069	True	5' UTR	5773.0	['chr9:102626347-102629763' 'chr9:102626688-102629763' 'chr9:102626919-102629763']
725	ENSMUSG00000030986	Dhx32	6.451591541094261e-09	1.366781615372562e-07	0.272	True	5' UTR	1030.0	['chr7:133759914-133776602' 'chr7:133759914-133782668']
1274	ENSMUSG00000027593	Raly	2.270258865275871e-08	4.6936918226667405e-07	0.074	True	CDS	2512.0	['chr2:154859751-154861840' 'chr2:154859959-154861840']
1302	ENSMUSG00000025762	Larp1b	3.022750139054945e-08	6.175046712640816e-07	0.06	True	CDS	15938.0	['chr3:40961667-40962169' 'chr3:40961789-40962169']
373	ENSMUSG00000059734	Ndufs8	3.773949519439317e-08	7.618938088656316e-07	0.054	True	5' UTR	10567.0	['chr19:3911747-3912467' 'chr19:3911747-3912470' 'chr19:3911747-3912710']
443	ENSMUSG00000027620	Rbm39	5.142619103956592e-08	1.0143372853321278e-06	0.061	True	CDS	9461.0	['chr2:156177386-156177633' 'chr2:156177386-156178880' 'chr2:156177386-156179177']
1508	ENSMUSG00000052337	Immt	5.3906004143272176e-08	1.0511670807938073e-06	0.121	True	CDS	3018.0	['chr6:71851881-71856912' 'chr6:71852868-71856912' 'chr6:71853269-71856912']
774	ENSMUSG00000031948	Kars	5.7427175800414955e-08	1.107247569365304e-06	0.111	True	CDS	3398.0	['chr8:112005789-112008207' 'chr8:112005789-112011210']
1109	ENSMUSG00000096215	Smim22	6.938487187480698e-08	1.3229382237463196e-06	0.08	True	CDS	2954.0	['chr16:5008055-5008206' 'chr16:5008070-5008206']
816	ENSMUSG00000049493	Pls1	7.526844882320208e-08	1.4193478920946682e-06	0.066	True	5' UTR	838.0	['chr9:95795867-95815246' 'chr9:95795867-95845171']
548	ENSMUSG00000029048	Rer1	7.779259462630058e-08	1.4510010041166496e-06	0.159	True	5' UTR	382.0	['chr4:155082755-155083109' 'chr4:155082755-155083132' 'chr4:155082755-155086205']
242	ENSMUSG00000022185	Acin1	8.162696264324929e-08	1.5061491171593098e-06	0.135	True	CDS	16216.0	['chr14:54667162-54678743' 'chr14:54667162-54679241']
169	ENSMUSG00000021131	Erh	8.47107881745157e-08	1.5464224734837122e-06	0.07	True	CDS	2826.0	['chr12:80641045-80642789' 'chr12:80641045-80643764']
1074	ENSMUSG00000005268	Prlr	9.369382894457946e-08	1.6924064259884038e-06	0.151	False	5' UTR	14632.0	['chr15:10216124-10293651' 'chr15:10238414-10293651']
1101	ENSMUSG00000023048	Prr13	1.371338542924497e-07	2.329917762038056e-06	0.164	True	5' UTR	62.0	['chr15:102459256-102460108' 'chr15:102459582-102460108']
1297	ENSMUSG00000027695	Pld1	1.469874052077024e-07	2.4728469346707583e-06	0.307	True	5' UTR	1321.0	['chr3:27952663-28024163' 'chr3:27984337-28024163']
586	ENSMUSG00000029422	Rsrc2	1.6991219747943634e-07	2.830770202667114e-06	0.096	True	CDS	10175.0	['chr5:123745112-123745497' 'chr5:123745112-123749289']
644	ENSMUSG00000015766	Eps8	1.9825850017855586e-07	3.2095432670415273e-06	0.287	True	5' UTR	1255.0	['chr6:137539402-137570702' 'chr6:137539402-137591418']
1713	ENSMUSG00000031438	Rnf128	2.2828185499853215e-07	3.6610435810979553e-06	0.165	True	CDS	1747.0	['chrX:139563884-139642286' 'chrX:139611290-139642286']
1237	ENSMUSG00000054766	Set	2.877559960705691e-07	4.488993538700878e-06	0.097	True	CDS	7653.0	['chr2:30062281-30068269' 'chr2:30062776-30068269' 'chr2:30066894-30068269']
908	ENSMUSG00000035011	Zbtb7a	2.988846867395505e-07	4.579340378973828e-06	0.155	True	5' UTR	6934.0	['chr10:81135523-81143962' 'chr10:81135592-81143962' 'chr10:81136660-81143962' 'chr10:81136700-81143962' 'chr10:81138071-81143962']
456	ENSMUSG00000037174	Elf2	3.402873028581992e-07	5.16754877614752e-06	0.186	True	CDS	8987.0	['chr3:51266867-51277205' 'chr3:51266867-51308050']
709	ENSMUSG00000035642	Aamdc	4.0406069197772976e-07	6.082176731875301e-06	0.23	True	CDS	2892.0	['chr7:97565301-97569687' 'chr7:97565301-97575588' 'chr7:97565301-97579366']
260	ENSMUSG00000055762	Eef1d	4.4086652781442425e-07	6.466042407944889e-06	0.11	True	CDS	16830.0	['chr15:75896920-75897226' 'chr15:75896920-75900691' 'chr15:75896920-75901132']
824	ENSMUSG00000031167	Rbm3	4.447978233218034e-07	6.468415803561141e-06	0.138	True	3' UTR	1511.0	['chrX:8142956-8143247' 'chrX:8142956-8143251']
195	ENSMUSG00000021546	Hnrnpk	5.374299274544743e-07	7.685247962598984e-06	0.088	True	5' UTR	1788.0	['chr13:58400418-58401110' 'chr13:58400418-58402064' 'chr13:58400418-58402393']
253	ENSMUSG00000046034	Otulin	6.055758911020301e-07	8.588167182901518e-06	0.154	True	CDS	12765.0	['chr15:27619624-27623282' 'chr15:27619624-27630458']
1422	ENSMUSG00000106658	Gm36548	9.386876927621736e-07	1.2990226457902341e-05	0.155	False	Non-coding	6046.0	['chr5:3270516-3297458' 'chr5:3274118-3297458']
1687	ENSMUSG00000033577	Myo6	1.197768610705815e-06	1.6227000003715766e-05	0.319	True	CDS	2679.0	['chr9:80292518-80299146' 'chr9:80293975-80299146' 'chr9:80296682-80299146']
237	ENSMUSG00000060373	Hnrnpc	1.200949300974302e-06	1.6227000003715766e-05	0.077	True	5' UTR	1895.0	['chr14:52084392-52097322' 'chr14:52084392-52098015' 'chr14:52084392-52103889']
713	ENSMUSG00000005610	Eif4g2	1.268745216349526e-06	1.6877261947719278e-05	0.11	True	CDS	2115.0	['chr7:111075713-111076280' 'chr7:111075713-111076696']
1287	ENSMUSG00000017299	Dnttip1	1.8236962244914319e-06	2.40727901632869e-05	0.182	False	CDS	2184.0	['chr2:164758058-164765161' 'chr2:164763282-164765161']
91	ENSMUSG00000034024	Cct2	2.1089329390313745e-06	2.7625411628838464e-05	0.074	True	CDS	3842.0	['chr10:117063051-117063160' 'chr10:117063051-117063706']
290	ENSMUSG00000022680	Pdxdc1	2.390171616172694e-06	3.107223101024502e-05	0.178	True	CDS	1498.0	['chr16:13834847-13836386' 'chr16:13834847-13837043']
1362	ENSMUSG00000028392	Bspry	2.7939199394179316e-06	3.604786929354264e-05	0.228	False	CDS	2047.0	['chr4:62494858-62496982' 'chr4:62496572-62496982']
332	ENSMUSG00000024039	Cbs	2.8429445905143308e-06	3.640666356210888e-05	0.226	True	CDS	6207.0	['chr17:31613294-31614529' 'chr17:31613294-31615474']
1488	ENSMUSG00000029772	Ahcyl2	3.0964779910187315e-06	3.907026641608929e-05	0.23	True	CDS	1181.0	['chr6:29768907-29863143' 'chr6:29854140-29863143']
1301	ENSMUSG00000025762	Larp1b	3.6496360708971163e-06	4.473411069756751e-05	0.135	True	CDS	15938.0	['chr3:40950685-40961608' 'chr3:40950951-40961608']
276	ENSMUSG00000023015	Racgap1	3.8057178761788733e-06	4.631639628030458e-05	0.212	True	5' UTR	13955.0	['chr15:99642972-99643393' 'chr15:99642972-99651507']
121	ENSMUSG00000020444	Guk1	3.834354243937153e-06	4.63362808633532e-05	0.104	True	CDS	801.0	['chr11:59186888-59187703' 'chr11:59186888-59187707' 'chr11:59186888-59191751']
489	ENSMUSG00000027957	Slc35a3	4.822105310972859e-06	5.706712216296156e-05	0.284	True	CDS	1307.0	['chr3:116694635-116711683' 'chr3:116694635-116712083' 'chr3:116694635-116712617']
632	ENSMUSG00000030315	Vgll4	5.723271821749651e-06	6.635901652785407e-05	0.205	True	CDS	14546.0	['chr6:114890807-114921317' 'chr6:114890807-114957936']
203	ENSMUSG00000021585	Cast	6.701566595756329e-06	7.718045824374403e-05	0.2	True	CDS	4058.0	['chr13:74754371-74770546' 'chr13:74754371-74780503']
342	ENSMUSG00000092203	1110038B12Rik	6.890872520670323e-06	7.883158163646851e-05	0.077	True	Non-coding	9803.0	['chr17:34950476-34950698' 'chr17:34950476-34951885']
968	ENSMUSG00000020849	Ywhae	7.426612303596488e-06	8.275367995436085e-05	0.067	True	CDS	2059.0	['chr11:75755653-75759292' 'chr11:75757024-75759292']
416	ENSMUSG00000005233	Spc25	1.1329131412281149e-05	0.00012195987024283523	0.209	True	CDS	15469.0	['chr2:69205179-69205830' 'chr2:69205179-69206064']
26	ENSMUSG00000056220	Pla2g4a	1.1371549672991633e-05	0.00012195987024283523	0.167	True	CDS	5788.0	['chr1:149922137-149922244' 'chr1:149922137-149932658']
534	ENSMUSG00000023232	Serinc2	1.2204811441885707e-05	0.0001292805952733079	0.091	True	CDS	99.0	['chr4:130265231-130272878' 'chr4:130265231-130274764' 'chr4:130265231-130274815' 'chr4:130265231-130275087' 'chr4:130265231-130275458']
105	ENSMUSG00000020173	Cobl	1.2318257734210592e-05	0.00012968178080923544	0.241	True	CDS	6799.0	['chr11:12386767-12412031' 'chr11:12386767-12464682']
595	ENSMUSG00000025856	Pdgfa	1.5145226629421912e-05	0.00015656149937402411	0.185	True	CDS	4132.0	['chr5:138977228-138978622' 'chr5:138977228-138979146']
52	ENSMUSG00000078453	Abracl	1.6095436616959626e-05	0.00016538783972875883	0.079	True	5' UTR	944.0	['chr10:18018906-18022995' 'chr10:18018906-18023067']
92	ENSMUSG00000025374	Nabp2	1.6349134894239525e-05	0.00016667433902928458	0.111	True	CDS	1507.0	['chr10:128409349-128409736' 'chr10:128409349-128410414']
592	ENSMUSG00000085042	Abhd11os	1.641489702561136e-05	0.00016667433902928458	0.059	False	Non-coding	2280.0	['chr5:135012551-135012694' 'chr5:135012551-135013085']
1149	ENSMUSG00000002250	Ppard	1.985798725390965e-05	0.0001958408398144193	0.247	True	5' UTR	9866.0	['chr17:28237096-28286261' 'chr17:28272245-28286261']
1650	ENSMUSG00000017478	Zc3h18	2.048488085511769e-05	0.0002008688888421826	0.133	False	5' UTR	15217.0	['chr8:122376801-122383400' 'chr8:122377751-122383400']
1113	ENSMUSG00000022841	Ap2m1	2.121093758395264e-05	0.00020563824233933747	0.141	True	CDS	347.0	['chr16:20540416-20540975' 'chr16:20540814-20540975']
1152	ENSMUSG00000071172	Srsf3	2.201905159103652e-05	0.00021227355354055431	0.068	True	CDS	6292.0	['chr17:29038625-29040775' 'chr17:29039910-29040775']
1678	ENSMUSG00000033543	Gtf2a2	2.333917323566656e-05	0.0002237431356000213	0.064	False	CDS	2199.0	['chr9:70019516-70022437' 'chr9:70020544-70022437']
1561	ENSMUSG00000030451	Herc2	2.3771874046905687e-05	0.00022413481244225366	0.198	True	5' UTR	8554.0	['chr7:56050303-56050856' 'chr7:56050530-56050856']
1655	ENSMUSG00000031939	Taf1d	2.7962055488658198e-05	0.0002552281235028589	0.118	True	5' UTR	6412.0	['chr9:15306284-15307728' 'chr9:15306991-15307728']
1490	ENSMUSG00000002416	Ndufb2	2.882006654016433e-05	0.00026029070622590533	0.058	True	3' UTR	4933.0	['chr6:39598362-39599392' 'chr6:39598366-39599392']
512	ENSMUSG00000028403	Zdhhc21	3.648269741375802e-05	0.00032437465679797283	0.128	True	5' UTR	8249.0	['chr4:82854116-82856824' 'chr4:82854116-82859490']
982	ENSMUSG00000047040	Prr15l	5.6579401003681834e-05	0.0004854512606115902	0.135	True	5' UTR	178.0	['chr11:96929510-96934515' 'chr11:96931554-96934515']
1084	ENSMUSG00000033099	Nol12	5.9158404685616965e-05	0.0005050538429876553	0.106	True	CDS	11977.0	['chr15:78935076-78936479' 'chr15:78935695-78936479' 'chr15:78935900-78936479']
423	ENSMUSG00000076437	Selenoh	7.013615876009172e-05	0.0005870909679625238	0.074	True	CDS	14584.0	['chr2:84669398-84669987' 'chr2:84669398-84670012']
1083	ENSMUSG00000022419	Deptor	7.824583758409829e-05	0.0006431044651084725	0.062	True	CDS	767.0	['chr15:55112620-55149341' 'chr15:55133561-55149341']
42	ENSMUSG00000056050	Mia3	7.8326825878596e-05	0.0006431044651084725	0.259	True	CDS	1993.0	['chr1:183344386-183345186' 'chr1:183344386-183350964']
1309	ENSMUSG00000028082	Sh3d19	8.962835091693324e-05	0.0007254823121389503	0.106	False	CDS	5450.0	['chr3:85971425-86040826' 'chr3:86011845-86040826']
1415	ENSMUSG00000029062	Cdk11b	9.088882906158188e-05	0.0007322311299045751	0.139	True	5' UTR	10665.0	['chr4:155624942-155625531' 'chr4:155625340-155625531']
241	ENSMUSG00000022185	Acin1	9.581993190259799e-05	0.0007612361256706394	0.188	True	CDS	16216.0	['chr14:54651859-54653214' 'chr14:54651859-54662168']
611	ENSMUSG00000029922	Mkrn1	9.829410073910006e-05	0.0007764892881071824	0.111	True	CDS	54.0	['chr6:39410217-39419840' 'chr6:39410217-39419889' 'chr6:39410217-39420099']
1338	ENSMUSG00000078578	Ube2d3	0.00011069487179715803	0.0008634200000178327	0.166	True	5' UTR	445.0	['chr3:135438353-135439644' 'chr3:135438433-135439644' 'chr3:135438563-135439644' 'chr3:135438699-135439644' 'chr3:135438865-135439644' 'chr3:135438871-135439644']
690	ENSMUSG00000063511	Snrnp70	0.00012342185444796442	0.0009454995635388707	0.057	True	5' UTR	14663.0	['chr7:45394816-45395093' 'chr7:45394816-45395509']
1409	ENSMUSG00000028967	Errfi1	0.00012974310415185078	0.000989507407664782	0.181	True	5' UTR	10607.0	['chr4:150854106-150865075' 'chr4:150855272-150865075' 'chr4:150863550-150865075']
461	ENSMUSG00000028066	Pmf1	0.00013231766931145306	0.001004677524506431	0.073	True	CDS	10044.0	['chr3:88394571-88395714' 'chr3:88394571-88395905']
1233	ENSMUSG00000026781	Acbd5	0.00014474309495928842	0.0010941812817186738	0.113	True	CDS	4693.0	['chr2:23069620-23078144' 'chr2:23075611-23078144']
682	ENSMUSG00000008140	Emc10	0.00015097653082731116	0.0011355213095195832	0.131	True	CDS	1289.0	['chr7:44490971-44491163' 'chr7:44490971-44491955']
1404	ENSMUSG00000001089	Luzp1	0.00015319308317346048	0.001139807195414386	0.123	True	5' UTR	4934.0	['chr4:136469851-136540356' 'chr4:136521444-136540356' 'chr4:136539217-136540356']
20	ENSMUSG00000026277	Stk25	0.00015343558399809042	0.001139807195414386	0.219	False	5' UTR	179.0	['chr1:93635384-93635547' 'chr1:93635384-93654019']
445	ENSMUSG00000017307	Acot8	0.00016736401691825305	0.0012326036610803527	0.128	True	CDS	1784.0	['chr2:164799946-164802997' 'chr2:164799946-164804690']
418	ENSMUSG00000041997	Tlk1	0.00017195457561868977	0.0012556342628156241	0.055	True	CDS	8019.0	['chr2:70770076-70786877' 'chr2:70770076-70825193']
789	ENSMUSG00000031996	Aplp2	0.0001868273289056251	0.0013470407411850956	0.151	True	CDS	6268.0	['chr9:31164674-31167561' 'chr9:31164674-31168708']
1310	ENSMUSG00000028082	Sh3d19	0.0001898760217918745	0.0013519803045429735	0.193	True	CDS	5450.0	['chr3:86075189-86080395' 'chr3:86078985-86080395']
966	ENSMUSG00000040471	Ggt6	0.0001949011100765048	0.0013820260532697614	0.238	True	CDS	1418.0	['chr11:72435765-72437139' 'chr11:72436833-72437139']
430	ENSMUSG00000027317	Ppp1r14d	0.0002117069498014795	0.001482812758609546	0.072	True	CDS	570.0	['chr2:119218848-119227757' 'chr2:119218848-119229542' 'chr2:119218848-119236780']
1683	ENSMUSG00000009828	Cilk1	0.00021809833626049795	0.0015213688822073759	0.212	True	5' UTR	1708.0	['chr9:78109482-78131295' 'chr9:78113456-78131295']
1468	ENSMUSG00000029462	Vps29	0.00022148588749455357	0.0015387440604884774	0.073	True	CDS	1393.0	['chr5:122354477-122360013' 'chr5:122356806-122360013']
1644	ENSMUSG00000031776	Arl2bp	0.0003357430296536632	0.0022417705793217352	0.058	True	CDS	888.0	['chr8:94666902-94667597' 'chr8:94667231-94667597']
564	ENSMUSG00000059325	Hopx	0.00037503368673881765	0.002475530956732977	0.093	True	5' UTR	14589.0	['chr5:77095023-77095151' 'chr5:77095023-77114847']
810	ENSMUSG00000032217	Rnf111	0.00037508044798984495	0.002475530956732977	0.231	True	5' UTR	9069.0	['chr9:70476669-70502940' 'chr9:70476669-70503459']
184	ENSMUSG00000060147	Serpinb6a	0.00039906874217088284	0.0025841583455291878	0.092	True	CDS	217.0	['chr13:33931647-33935569' 'chr13:33931647-33935573' 'chr13:33931647-33935619' 'chr13:33931647-33935627' 'chr13:33931647-33935767' 'chr13:33931647-33935922' 'chr13:33931647-33996243']
111	ENSMUSG00000015837	Sqstm1	0.0004133883530044128	0.0026668211043442565	0.121	True	CDS	339.0	['chr11:50200948-50202399' 'chr11:50200948-50202513']
953	ENSMUSG00000037331	Larp1	0.00043021877327735497	0.002754684384119184	0.063	False	5' UTR	8518.0	['chr11:57973473-58040391' 'chr11:58009548-58040391']
603	ENSMUSG00000029634	Rnf6	0.0005177645798278899	0.003230850978126032	0.134	True	5' UTR	2748.0	['chr5:146220485-146220738' 'chr5:146220485-146220940' 'chr5:146220485-146221220']
675	ENSMUSG00000001247	Lsr	0.0005261777741067295	0.003271453117272275	0.077	True	CDS	3592.0	['chr7:30962245-30962811' 'chr7:30962245-30965969']
297	ENSMUSG00000022781	Pak2	0.0005357800006516692	0.0033188176988899263	0.119	False	5' UTR	2453.0	['chr16:32052384-32052615' 'chr16:32052384-32078627' 'chr16:32052384-32078746' 'chr16:32052384-32078833' 'chr16:32052384-32079088']
1282	ENSMUSG00000035268	Pkig	0.000547571949539195	0.0033678618831873073	0.078	True	5' UTR	4778.0	['chr2:163658493-163721128' 'chr2:163658660-163721128' 'chr2:163659236-163721128' 'chr2:163703556-163721128']
633	ENSMUSG00000030315	Vgll4	0.0005772233217019862	0.0035124653192929378	0.195	True	5' UTR	14546.0	['chr6:114958012-114968860' 'chr6:114958012-114969713']
1213	ENSMUSG00000024959	Bad	0.0005857546457503599	0.0035517843537371647	0.165	True	CDS	2101.0	['chr19:6942441-6942867' 'chr19:6942625-6942867']
1554	ENSMUSG00000003423	Pih1d1	0.000603407969369402	0.003620447816216412	0.124	True	CDS	9807.0	['chr7:45154421-45156306' 'chr7:45154541-45156306']
320	ENSMUSG00000015120	Ube2i	0.000606146448150256	0.0036242066377206936	0.119	True	5' UTR	1649.0	['chr17:25269480-25272538' 'chr17:25269480-25273321' 'chr17:25269480-25273482' 'chr17:25269480-25274162' 'chr17:25269480-25274173']
400	ENSMUSG00000063275	Hacd1	0.0007061668310684092	0.004149939322306132	0.076	False	CDS	2564.0	['chr2:14045256-14055731' 'chr2:14045256-14059630']
514	ENSMUSG00000028549	Itgb3bp	0.0007154262398143736	0.004190004872086911	0.195	True	CDS	7809.0	['chr4:99789680-99798696' 'chr4:99789680-99814058']
1333	ENSMUSG00000028128	F3	0.0007566080236556739	0.004401150402010632	0.073	False	CDS	6038.0	['chr3:121723803-121729337' 'chr3:121725083-121729337']
917	ENSMUSG00000019943	Atp2b1	0.0007650903657858148	0.004420522113429152	0.208	True	5' UTR	786.0	['chr10:98914794-98968694' 'chr10:98915372-98968694']
312	ENSMUSG00000022940	Pigp	0.0007824532372657794	0.004504093402245956	0.163	True	CDS	783.0	['chr16:94370193-94370366' 'chr16:94370193-94370605' 'chr16:94370193-94370741' 'chr16:94370193-94370895' 'chr16:94370193-94371744']
1050	ENSMUSG00000039197	Adk	0.0007886778714426276	0.004504093402245956	0.147	True	CDS	772.0	['chr14:21052701-21092367' 'chr14:21076322-21092367']
1139	ENSMUSG00000034681	Rnps1	0.0008057459630771331	0.004578344611391921	0.116	True	CDS	9065.0	['chr17:24414735-24418457' 'chr17:24415163-24418457' 'chr17:24418219-24418457']
913	ENSMUSG00000015889	Lta4h	0.0008426851682266679	0.004772434814115387	0.061	True	CDS	2132.0	['chr10:93480787-93482962' 'chr10:93482333-93482962']
1566	ENSMUSG00000078681	Tm2d3	0.0010442625764988034	0.005761911836887287	0.141	True	CDS	1433.0	['chr7:65693570-65695143' 'chr7:65693944-65695143']
155	ENSMUSG00000017132	Cyth1	0.0010816505233559454	0.005911185662671345	0.115	True	CDS	7278.0	['chr11:118193698-118212649' 'chr11:118193698-118248439']
12	ENSMUSG00000025968	Ndufs1	0.0011174544936030286	0.006068202250072143	0.206	True	5' UTR	864.0	['chr1:63170915-63172154' 'chr1:63170915-63176428' 'chr1:63170915-63176586']
265	ENSMUSG00000002524	Puf60	0.001129956073343504	0.006116733822894174	0.11	True	CDS	1748.0	['chr15:76072569-76074607' 'chr15:76072569-76075542']
1672	ENSMUSG00000032381	Ciao2a	0.0011501527956584749	0.006206484897326865	0.066	True	CDS	498.0	['chr9:66132692-66136302' 'chr9:66133482-66136302' 'chr9:66133723-66136302']
280	ENSMUSG00000037280	Galnt6	0.0011936299288682595	0.006400840493556042	0.135	True	5' UTR	3340.0	['chr15:100720236-100729303' 'chr15:100720236-100729307']
268	ENSMUSG00000022391	Rangap1	0.001222436859387418	0.006534896108127132	0.083	True	5' UTR	17555.0	['chr15:81724633-81729217' 'chr15:81724633-81729712']
1408	ENSMUSG00000039852	Rere	0.0012313065259349518	0.0065618695605726	0.207	False	5' UTR	17231.0	['chr4:150282076-150406196' 'chr4:150372264-150406196']
845	ENSMUSG00000056763	Cspp1	0.0012664003681776485	0.006707231579607545	0.203	True	5' UTR	9262.0	['chr1:10038345-10045076' 'chr1:10039880-10045076' 'chr1:10039888-10045076']
127	ENSMUSG00000032892	Rangrf	0.0013215921814918232	0.006978006718276827	0.076	True	CDS	10700.0	['chr11:68973558-68973642' 'chr11:68973558-68975068' 'chr11:68973558-68976949']
1289	ENSMUSG00000039849	Pcif1	0.0013486666487651947	0.007065740403627811	0.059	True	5' UTR	4654.0	['chr2:164879490-164882775' 'chr2:164879662-164882775' 'chr2:164880099-164882775']
404	ENSMUSG00000036352	Ubac1	0.0013505611027913296	0.007065740403627811	0.057	True	CDS	4483.0	['chr2:26014966-26015955' 'chr2:26014966-26016296']
1403	ENSMUSG00000066037	Hnrnpr	0.0013597803168289935	0.0070923496160442325	0.111	True	CDS	3396.0	['chr4:136316480-136317084' 'chr4:136316485-136317084']
566	ENSMUSG00000029405	G3bp2	0.0014633898774143988	0.007563786233864785	0.098	True	CDS	3226.0	['chr5:92058071-92063337' 'chr5:92058071-92064325']
1016	ENSMUSG00000010608	Rbm25	0.0014703882952280536	0.007565685850555606	0.174	True	5' UTR	8164.0	['chr12:83632418-83642629' 'chr12:83639192-83642629' 'chr12:83642520-83642629']
973	ENSMUSG00000001105	Ift20	0.0014788499390908016	0.007575243270089001	0.141	True	5' UTR	1647.0	['chr11:78536577-78538834' 'chr11:78538739-78538834']
778	ENSMUSG00000031835	Mbtps1	0.0016210740802289276	0.008230068407316092	0.104	True	5' UTR	7676.0	['chr8:119547886-119549558' 'chr8:119547886-119558390' 'chr8:119547886-119558646']
735	ENSMUSG00000059119	Nap1l4	0.001730522990073091	0.008657660206896279	0.093	False	5' UTR	3404.0	['chr7:143541779-143548737' 'chr7:143541779-143548747' 'chr7:143541779-143549042']
1262	ENSMUSG00000000308	Ckmt1	0.0017549755156887436	0.008754470886400825	0.057	True	5' UTR	17.0	['chr2:121357860-121358796' 'chr2:121357949-121358796']
783	ENSMUSG00000031931	Ankrd49	0.0017720222337365952	0.008813884501715934	0.243	True	5' UTR	9597.0	['chr9:14782963-14784240' 'chr9:14782963-14784461' 'chr9:14782963-14784520']
1117	ENSMUSG00000022884	Eif4a2	0.0018448107508733358	0.009096825426720244	0.185	False	CDS	490.0	['chr16:23111897-23113167' 'chr16:23112458-23113167' 'chr16:23112462-23113167']
336	ENSMUSG00000024002	Brd4	0.001975763999503249	0.0096868886375645	0.14	True	5' UTR	8114.0	['chr17:32229736-32253041' 'chr17:32229736-32284063' 'chr17:32229736-32284518']
142	ENSMUSG00000020923	Ubtf	0.001997678153389722	0.009766426527683085	0.144	True	5' UTR	12388.0	['chr11:102316474-102317582' 'chr11:102316474-102318848' 'chr11:102316474-102319324']
1061	ENSMUSG00000035960	Apex1	0.0020822965352565964	0.010121854180540374	0.063	True	5' UTR	3851.0	['chr14:50925030-50925213' 'chr14:50925035-50925213']
646	ENSMUSG00000030265	Kras	0.0020880748134681193	0.010121854180540374	0.159	True	CDS	1117.0	['chr6:145220725-145225074' 'chr6:145220725-145232095']
1410	ENSMUSG00000028937	Acot7	0.0021421177904613143	0.010202091673307372	0.125	True	5' UTR	4327.0	['chr4:152174436-152206764' 'chr4:152178341-152206764' 'chr4:152199958-152206764' 'chr4:152200090-152206764']
619	ENSMUSG00000004980	Hnrnpa2b1	0.0021535732605908295	0.010208651146889128	0.092	True	CDS	8134.0	['chr6:51464212-51464428' 'chr6:51464212-51465179']
1379	ENSMUSG00000028786	Tmem54	0.002215194602162226	0.01044306026733621	0.051	False	CDS	561.0	['chr4:129105732-129108211' 'chr4:129106948-129108211']
1069	ENSMUSG00000022064	Pibf1	0.0023204617054484017	0.010879541766528571	0.08	False	CDS	10477.0	['chr14:99221644-99242839' 'chr14:99226237-99242839' 'chr14:99228005-99242839']
1081	ENSMUSG00000022338	Eny2	0.002370656920099109	0.011024518360135694	0.092	True	5' UTR	4667.0	['chr15:44428171-44429560' 'chr15:44428175-44429560' 'chr15:44428243-44429560']
1589	ENSMUSG00000047517	Dmbt1	0.0024075995728896128	0.011166056397509666	0.059	True	CDS	4480.0	['chr7:131034708-131040887' 'chr7:131038134-131040887' 'chr7:131039050-131040887']
1300	ENSMUSG00000037211	Spry1	0.0024865128675856736	0.011439292441761437	0.208	False	5' UTR	8654.0	['chr3:37640106-37642555' 'chr3:37640809-37642555']
737	ENSMUSG00000051978	Erich1	0.002749749510899967	0.012417289896590378	0.106	False	CDS	7188.0	['chr8:14078917-14090177' 'chr8:14078917-14090241']
1450	ENSMUSG00000029152	Ociad1	0.002884949276098866	0.012892117077566807	0.051	True	5' UTR	921.0	['chr5:73292977-73294285' 'chr5:73294011-73294285']
770	ENSMUSG00000031796	Cfap20	0.0029627011586619424	0.013103080382123437	0.122	True	CDS	1861.0	['chr8:95422895-95424617' 'chr8:95422895-95434488']
1242	ENSMUSG00000038696	Mapkap1	0.002973563970217988	0.013117315611552872	0.071	True	5' UTR	6683.0	['chr2:34407255-34435133' 'chr2:34432331-34435133']
925	ENSMUSG00000090191	9230105E05Rik	0.0031848845013204407	0.013941994398637437	0.192	False	Non-coding	9395.0	['chr10:120388697-120389766' 'chr10:120389630-120389766']
304	ENSMUSG00000110573	Gm5485	0.003228025312162343	0.01409488914928901	0.051	False	CDS	293.0	['chr16:48401674-48410001' 'chr16:48401674-48412232']
1519	ENSMUSG00000042079	Hnrnpf	0.0038432403766745647	0.016570352980838074	0.137	False	5' UTR	536.0	['chr6:117906840-117917470' 'chr6:117907209-117917470' 'chr6:117907880-117917470' 'chr6:117907919-117917470' 'chr6:117917072-117917470']
1123	ENSMUSG00000034243	Golgb1	0.004393170530174096	0.018660100568759275	0.065	True	CDS	9765.0	['chr16:36885189-36887239' 'chr16:36886229-36887239']
855	ENSMUSG00000032908	Sgpp2	0.004618769624423697	0.019473731389462075	0.071	False	5' UTR	2585.0	['chr1:78310173-78360071' 'chr1:78310503-78360071']
115	ENSMUSG00000020358	Hnrnpab	0.004652567971404626	0.019568153526790043	0.055	True	CDS	9751.0	['chr11:51601479-51601750' 'chr11:51601479-51602593']
326	ENSMUSG00000024187	Fam234a	0.004732760901300132	0.01980833586983177	0.113	True	5' UTR	1008.0	['chr17:26220581-26225912' 'chr17:26220581-26225928' 'chr17:26220581-26243990' 'chr17:26220581-26244006']
1383	ENSMUSG00000028788	Ptp4a2	0.005001346106335902	0.0207302171943778	0.132	True	5' UTR	83.0	['chr4:129820602-129838978' 'chr4:129820800-129838978']
4	ENSMUSG00000079658	Eloc	0.0050352434664929675	0.020820428406028747	0.103	True	5' UTR	1859.0	['chr1:16648008-16656616' 'chr1:16648008-16656822' 'chr1:16648008-16656862' 'chr1:16648008-16656912' 'chr1:16648008-16656992']
57	ENSMUSG00000020107	Anapc16	0.005072716423184022	0.02092495524563409	0.118	True	CDS	2540.0	['chr10:59996615-60002418' 'chr10:59996615-60002956']
107	ENSMUSG00000087060	Eldr	0.005166891182301845	0.02126231479335723	0.101	True	Non-coding	17312.0	['chr11:16936565-16937373' 'chr11:16936565-16950882']
1080	ENSMUSG00000045996	Polr2k	0.005249338504495093	0.021447297318365668	0.095	True	5' UTR	1769.0	['chr15:36174082-36174987' 'chr15:36174214-36174987']
358	ENSMUSG00000024097	Srsf7	0.005378166390714467	0.02192145730752025	0.087	True	CDS	3674.0	['chr17:80202745-80204122' 'chr17:80202745-80204131' 'chr17:80202745-80204155' 'chr17:80202745-80204203']
359	ENSMUSG00000024097	Srsf7	0.006026652030805357	0.02429014278008324	0.105	True	CDS	3674.0	['chr17:80204388-80204622' 'chr17:80204388-80204975' 'chr17:80204388-80205262']
1245	ENSMUSG00000026883	Dab2ip	0.006160801891961099	0.024585897782802898	0.147	True	CDS	16172.0	['chr2:35661626-35707648' 'chr2:35692411-35707648']
943	ENSMUSG00000020409	Slu7	0.006814075922757086	0.026880354674600367	0.182	True	5' UTR	3361.0	['chr11:43433820-43437345' 'chr11:43436433-43437345' 'chr11:43436486-43437345']
35	ENSMUSG00000026670	Uap1	0.006913037673556727	0.027208194146383816	0.066	True	CDS	192.0	['chr1:170143464-170147996' 'chr1:170143464-170149271']
1562	ENSMUSG00000025326	Ube3a	0.0072101519391809185	0.028119592562805586	0.143	True	5' UTR	2844.0	['chr7:59229272-59247173' 'chr7:59243470-59247173']
474	ENSMUSG00000001017	Chtop	0.007429445860070859	0.028843730986157456	0.139	True	CDS	2382.0	['chr3:90500108-90502116' 'chr3:90500108-90503096']
741	ENSMUSG00000031516	Dctn6	0.007586939242421158	0.029292863282061318	0.08	True	CDS	665.0	['chr8:34106407-34107575' 'chr8:34106407-34108419']
1359	ENSMUSG00000028312	Smc2	0.007937924648423005	0.03053113243486873	0.088	False	CDS	7438.0	['chr4:52440258-52447713' 'chr4:52446075-52447713']
542	ENSMUSG00000028675	Pnrc2	0.008344212295352095	0.03162141538039478	0.058	True	5' UTR	1248.0	['chr4:135873100-135873264' 'chr4:135873100-135873277' 'chr4:135873100-135873674']
526	ENSMUSG00000028677	Rnf220	0.008347611402866457	0.03162141538039478	0.169	True	CDS	6168.0	['chr4:117289069-117289199' 'chr4:117289069-117289203']
1200	ENSMUSG00000036299	BC031181	0.008531972111781217	0.032060805689080145	0.102	True	5' UTR	277.0	['chr18:75005901-75008651' 'chr18:75005984-75008651' 'chr18:75006015-75008651' 'chr18:75006115-75008651']
1458	ENSMUSG00000029290	Zfp326	0.008538338111835447	0.032060805689080145	0.123	True	CDS	10126.0	['chr5:105886277-105891118' 'chr5:105886429-105891118' 'chr5:105888840-105891118']
963	ENSMUSG00000070394	Tmem256	0.00933213102362426	0.034512794906334535	0.069	True	CDS	3494.0	['chr11:69838574-69838920' 'chr11:69838599-69838920' 'chr11:69838650-69838920']
1267	ENSMUSG00000027405	Nop56	0.009353205632101366	0.03451634594556117	0.061	True	CDS	10841.0	['chr2:130276654-130277476' 'chr2:130277133-130277476' 'chr2:130277315-130277476']
1022	ENSMUSG00000017843	Ppp2r5c	0.009566752695411644	0.034928824734736984	0.057	True	CDS	295.0	['chr12:110466021-110522491' 'chr12:110485953-110522491']
1168	ENSMUSG00000002768	Mea1	0.009885061461679136	0.03591412962924913	0.055	True	5' UTR	4157.0	['chr17:46681134-46681617' 'chr17:46681163-46681617' 'chr17:46681206-46681617']
331	ENSMUSG00000024012	Mtch1	0.009920336505981404	0.03591412962924913	0.099	True	CDS	560.0	['chr17:29334006-29336167' 'chr17:29334006-29336218']
1009	ENSMUSG00000021000	Mia2	0.010052374733096349	0.03631552640419649	0.098	True	CDS	2514.0	['chr12:59129897-59136064' 'chr12:59131605-59136064']
80	ENSMUSG00000047638	Nr1h4	0.010147284797128677	0.036581388050152965	0.136	True	CDS	2109.0	['chr10:89480628-89483372' 'chr10:89480628-89483384']
1701	ENSMUSG00000031158	Timm17b	0.010182867127152679	0.036632704381958064	0.08	False	CDS	1271.0	['chrX:7899470-7903673' 'chrX:7901061-7903673']
1495	ENSMUSG00000038388	Mpp6	0.010619105642934548	0.03756578314155363	0.082	True	5' UTR	5127.0	['chr6:50110455-50143719' 'chr6:50110465-50143719' 'chr6:50111128-50143719']
1088	ENSMUSG00000047888	Tnrc6b	0.011047780708203931	0.03845434420948874	0.111	True	CDS	8666.0	['chr15:80784807-80858681' 'chr15:80798805-80858681']
62	ENSMUSG00000020069	Hnrnph3	0.011098455719186924	0.03855253039296511	0.121	False	5' UTR	4748.0	['chr10:63019528-63023638' 'chr10:63019528-63023720']
235	ENSMUSG00000021850	ccdc198	0.011447324889134271	0.03897541569395717	0.072	False	CDS	13890.0	['chr14:49245262-49245348' 'chr14:49245262-49245358']
1147	ENSMUSG00000046711	Hmga1	0.011694389884422887	0.039503096538719834	0.094	True	5' UTR	11611.0	['chr17:27556710-27559533' 'chr17:27556712-27559533' 'chr17:27556750-27559533' 'chr17:27557067-27559533']
616	ENSMUSG00000029810	Tmem176b	0.012180640290415668	0.04082417722334626	0.145	True	5' UTR	5942.0	['chr6:48838363-48840361' 'chr6:48838363-48840996']
1313	ENSMUSG00000019710	Mrpl24	0.012337225761423213	0.041268380909556014	0.134	True	5' UTR	759.0	['chr3:87919652-87921817' 'chr3:87919706-87921817' 'chr3:87919829-87921817']
1551	ENSMUSG00000038695	Josd2	0.012540114491155557	0.04186544059693177	0.152	True	5' UTR	4630.0	['chr7:44468160-44468807' 'chr7:44468191-44468807' 'chr7:44468418-44468807']
1464	ENSMUSG00000029528	Pxn	0.012746029978870884	0.04247026688105327	0.186	True	CDS	3996.0	['chr5:115506869-115544343' 'chr5:115543062-115544343' 'chr5:115543088-115544343']
209	ENSMUSG00000052485	Tmem171	0.012874570703435471	0.0428154328044482	0.101	True	5' UTR	103.0	['chr13:98692718-98694347' 'chr13:98692718-98694806']
166	ENSMUSG00000021079	Timm9	0.013006648005100943	0.043019662144289664	0.142	True	5' UTR	6031.0	['chr12:71132087-71132507' 'chr12:71132087-71133900' 'chr12:71132087-71136555']
402	ENSMUSG00000036805	Noxa1	0.013294857545334693	0.04353812127441667	0.073	True	CDS	12137.0	['chr2:25087028-25087130' 'chr2:25087028-25087154']
1295	ENSMUSG00000000827	Tpd52l2	0.01364831431936524	0.04444119045926138	0.061	True	CDS	2114.0	['chr2:181508268-181513039' 'chr2:181511616-181513039']
295	ENSMUSG00000000326	Comt	0.014311239951054213	0.045988928382039385	0.06	True	5' UTR	4049.0	['chr16:18411958-18424304' 'chr16:18411958-18426356']
995	ENSMUSG00000045775	Slc16a5	0.01441838483642156	0.046246632484671764	0.1	True	CDS	6087.0	['chr11:115462808-115472671' 'chr11:115465058-115472671' 'chr11:115470149-115472671']
1530	ENSMUSG00000035585	Tsen34	0.014898387453587025	0.047608254879618866	0.085	True	CDS	3964.0	['chr7:3693866-3694598' 'chr7:3693890-3694598' 'chr7:3694059-3694598']
1533	ENSMUSG00000044876	Zfp444	0.015118841771818978	0.047955512902849114	0.168	True	5' UTR	4959.0	['chr7:6172575-6183862' 'chr7:6174102-6183862']
1457	ENSMUSG00000029313	Aff1	0.015617990851813469	0.0491804016065544	0.139	True	5' UTR	7547.0	['chr5:103715406-103783124' 'chr5:103754346-103783124']
801	ENSMUSG00000061559	Wdr61	0.01579390049622997	0.04954722715087866	0.093	True	5' UTR	3131.0	['chr9:54731438-54734369' 'chr9:54731438-54734475' 'chr9:54731438-54734478']
