	chromosome	start	end	cluster	left_exon_count	left_genes	right_exon_count	right_genes	genes	n_genes	genes_cluster	n_genes_cluster	annotated	gene_id	original_cluster	n_start	strand	cluster_type	psi_a	psi_b	delta_psi	lfc_psi	abs_delta_psi	abs_lfc_psi
0	chr1	16648008	16656822	42	10	['ENSMUSG00000079658']	5	['ENSMUSG00000079658']	['ENSMUSG00000079658']	1	['ENSMUSG00000079658']	1	True	ENSMUSG00000079658	42	1	-	shared_acceptor	0.7018522656840324	0.5857361153030741	0.11611615038095824	0.2609165354092162	0.11611615038095824	0.2609165354092162
1	chr1	16648008	16656912	42	10	['ENSMUSG00000079658']	1	['ENSMUSG00000079658']	['ENSMUSG00000079658']	1	['ENSMUSG00000079658']	1	True	ENSMUSG00000079658	42	1	-	shared_acceptor	0.054566475841512724	0.06657835730765278	-0.01201188146614006	-0.28703839971520884	0.01201188146614006	0.28703839971520884
2	chr1	16648008	16656992	42	10	['ENSMUSG00000079658']	3	['ENSMUSG00000079658']	['ENSMUSG00000079658']	1	['ENSMUSG00000079658']	1	True	ENSMUSG00000079658	42	1	-	shared_acceptor	0.24358125847445491	0.34768552738927316	-0.10410426891481825	-0.5133798792418549	0.10410426891481825	0.5133798792418549
3	chr1	86358224	86358567	329	4	['ENSMUSG00000026234']	1	['ENSMUSG00000026234']	['ENSMUSG00000026234']	1	['ENSMUSG00000026234']	1	True	ENSMUSG00000026234	329	1	-	shared_acceptor	0.005023476550514129	0.01883952699588036	-0.01381605044536623	-1.9070044856165582	0.01381605044536623	1.9070044856165582
4	chr1	86358224	86359206	329	4	['ENSMUSG00000026234']	3	['ENSMUSG00000026234']	['ENSMUSG00000026234']	1	['ENSMUSG00000026234']	1	True	ENSMUSG00000026234	329	1	-	shared_acceptor	0.9949765234494857	0.9811604730041197	0.013816050445366046	0.020173370827623452	0.013816050445366046	0.020173370827623452
5	chr10	23786005	23786625	896	9	['ENSMUSG00000061983']	3	['ENSMUSG00000061983']	['ENSMUSG00000061983']	1	['ENSMUSG00000061983']	1	True	ENSMUSG00000061983	896	1	-	shared_acceptor	0.003828230891177938	0.017264605006261254	-0.013436374115083315	-2.17306728363691	0.013436374115083315	2.17306728363691
6	chr10	23786005	23786764	896	9	['ENSMUSG00000061983']	8	['ENSMUSG00000061983']	['ENSMUSG00000061983']	1	['ENSMUSG00000061983']	1	True	ENSMUSG00000061983	896	1	-	shared_acceptor	0.996171769108822	0.9827353949937386	0.01343637411508336	0.01959150841302558	0.01343637411508336	0.01959150841302558
7	chr10	68135107	68136486	1055	5	['ENSMUSG00000019947']	3	['ENSMUSG00000019947']	['ENSMUSG00000019947']	1	['ENSMUSG00000019947']	1	True	ENSMUSG00000019947	1055	1	-	shared_acceptor	0.9287203970576483	0.9140053869171713	0.014715010140477047	0.023041652297202064	0.014715010140477047	0.023041652297202064
8	chr10	68135107	68186026	1055	5	['ENSMUSG00000019947']	4	['ENSMUSG00000019947']	['ENSMUSG00000019947']	1	['ENSMUSG00000019947']	1	True	ENSMUSG00000019947	1055	1	-	shared_acceptor	0.07127960294235158	0.08599461308282878	-0.0147150101404772	-0.2707569847057547	0.0147150101404772	0.2707569847057547
9	chr10	128491034	128491720	1417	11	['ENSMUSG00000090841']	1	['ENSMUSG00000090841']	['ENSMUSG00000090841']	1	['ENSMUSG00000090841']	1	True	ENSMUSG00000090841	1417	1	-	shared_acceptor	0.34734399728642373	0.7067265492028683	-0.3593825519164445	-1.0247869395846143	0.3593825519164445	1.0247869395846143
10	chr10	128491034	128492059	1417	11	['ENSMUSG00000090841']	14	['ENSMUSG00000090841']	['ENSMUSG00000090841']	1	['ENSMUSG00000090841']	1	True	ENSMUSG00000090841	1417	1	-	shared_acceptor	0.6526560027135763	0.29327345079713163	0.35938255191644464	1.1540763099713431	0.35938255191644464	1.1540763099713431
11	chr11	48867004	48868562	1633	3	['ENSMUSG00000046879']	2	['ENSMUSG00000046879']	['ENSMUSG00000046879']	1	['ENSMUSG00000046879']	1	True	ENSMUSG00000046879	1633	1	-	shared_acceptor	0.408051298783059	0.5104790326000613	-0.10242773381700232	-0.3231011702228832	0.10242773381700232	0.3231011702228832
12	chr11	48867004	48871094	1633	3	['ENSMUSG00000046879']	3	['ENSMUSG00000046879']	['ENSMUSG00000046879']	1	['ENSMUSG00000046879']	1	True	ENSMUSG00000046879	1633	1	-	shared_acceptor	0.591948701216941	0.4895209673999387	0.10242773381700226	0.2741015002020979	0.10242773381700226	0.2741015002020979
13	chr11	50200948	50202399	1652	6	['ENSMUSG00000015837']	4	['ENSMUSG00000015837']	['ENSMUSG00000015837']	1	['ENSMUSG00000015837']	1	True	ENSMUSG00000015837	1652	1	-	shared_acceptor	0.9271757172804385	0.8561487654538193	0.07102695182661911	0.11498127968768596	0.07102695182661911	0.11498127968768596
14	chr11	50200948	50202513	1652	6	['ENSMUSG00000015837']	2	['ENSMUSG00000015837']	['ENSMUSG00000015837']	1	['ENSMUSG00000015837']	1	True	ENSMUSG00000015837	1652	1	-	shared_acceptor	0.07282428271956155	0.14385123454618062	-0.07102695182661907	-0.9820861009372286	0.07102695182661907	0.9820861009372286
15	chr11	50203035	50206023	1653	7	['ENSMUSG00000015837']	7	['ENSMUSG00000015837']	['ENSMUSG00000015837']	1	['ENSMUSG00000015837']	1	True	ENSMUSG00000015837	1653	1	-	shared_acceptor	0.9646198671291808	0.9869520707431501	-0.02233220361396926	-0.03301950100959515	0.02233220361396926	0.03301950100959515
16	chr11	50203035	50207160	1653	7	['ENSMUSG00000015837']	7	['ENSMUSG00000015837']	['ENSMUSG00000015837']	1	['ENSMUSG00000015837']	1	False	ENSMUSG00000015837	1653	1	-	shared_acceptor	0.03538013287081919	0.013047929256849833	0.022332203613969356	1.4391185311255175	0.022332203613969356	1.4391185311255175
17	chr11	51601479	51601750	1672	4	['ENSMUSG00000020358']	2	['ENSMUSG00000020358']	['ENSMUSG00000020358']	1	['ENSMUSG00000020358']	1	True	ENSMUSG00000020358	1672	1	-	shared_acceptor	0.13767834073429921	0.333969939258331	-0.1962915985240318	-1.2784166293519683	0.1962915985240318	1.2784166293519683
18	chr11	51601479	51602593	1672	4	['ENSMUSG00000020358']	6	['ENSMUSG00000020358']	['ENSMUSG00000020358']	1	['ENSMUSG00000020358']	1	True	ENSMUSG00000020358	1672	1	-	shared_acceptor	0.8623216592657008	0.6660300607416689	0.19629159852403189	0.3726388230252176	0.19629159852403189	0.3726388230252176
19	chr11	55395950	55398548	1727	12	['ENSMUSG00000018593']	12	['ENSMUSG00000018593']	['ENSMUSG00000018593']	1	['ENSMUSG00000018593']	1	True	ENSMUSG00000018593	1727	1	-	shared_acceptor	0.9998021734836138	0.9998502132290429	-4.803974542910705e-05	-6.931875049952365e-05	4.803974542910705e-05	6.931875049952365e-05
20	chr11	55395950	55407220	1727	12	['ENSMUSG00000018593']	12	['ENSMUSG00000018593']	['ENSMUSG00000018593']	1	['ENSMUSG00000018593']	1	False	ENSMUSG00000018593	1727	1	-	shared_acceptor	0.0001978265163861625	0.00014978677095720577	4.8039745428956726e-05	0.4013232651430165	4.8039745428956726e-05	0.4013232651430165
21	chr11	55409998	55419788	1729	9	['ENSMUSG00000018593']	8	['ENSMUSG00000018593']	['ENSMUSG00000018593']	1	['ENSMUSG00000018593']	1	True	ENSMUSG00000018593	1729	1	-	shared_acceptor	0.9984572016622997	0.997546351878381	0.0009108497839186436	0.0013167096359347368	0.0009108497839186436	0.0013167096359347368
22	chr11	55409998	55419796	1729	9	['ENSMUSG00000018593']	0	[]	['ENSMUSG00000018593']	1	['ENSMUSG00000018593']	1	False	ENSMUSG00000018593	1729	1	-	shared_acceptor	0.001542798337700271	0.002453648121618837	-0.0009108497839185662	-0.6693785227517726	0.0009108497839185662	0.6693785227517726
23	chr11	59213524	59227876	1761	2	['ENSMUSG00000048076']	1	['ENSMUSG00000048076']	['ENSMUSG00000048076']	1	['ENSMUSG00000048076']	1	True	ENSMUSG00000048076	1761	1	-	shared_acceptor	0.029447975458022045	0.0566558055788223	-0.027207830120800254	-0.9440553220508088	0.027207830120800254	0.9440553220508088
24	chr11	59213524	59228173	1761	2	['ENSMUSG00000048076']	1	['ENSMUSG00000048076']	['ENSMUSG00000048076']	1	['ENSMUSG00000048076']	1	True	ENSMUSG00000048076	1761	1	-	shared_acceptor	0.970552024541978	0.9433441944211777	0.027207830120800303	0.041021290186264714	0.027207830120800303	0.041021290186264714
25	chr11	68822666	68826170	1842	3	['ENSMUSG00000018736']	1	['ENSMUSG00000018736']	['ENSMUSG00000018736']	1	['ENSMUSG00000018736']	1	True	ENSMUSG00000018736	1842	1	-	shared_acceptor	0.14570116473875105	0.23515462609797405	-0.089453461359223	-0.6905972998519512	0.089453461359223	0.6905972998519512
26	chr11	68822666	68829915	1842	3	['ENSMUSG00000018736']	5	['ENSMUSG00000018736']	['ENSMUSG00000018736']	1	['ENSMUSG00000018736']	1	True	ENSMUSG00000018736	1842	1	-	shared_acceptor	0.8542988352612491	0.7648453739020259	0.08945346135922316	0.15957270253698436	0.08945346135922316	0.15957270253698436
27	chr11	69919337	69920341	1873	12	['ENSMUSG00000078812']	6	['ENSMUSG00000078812']	['ENSMUSG00000078812']	1	['ENSMUSG00000078812']	1	True	ENSMUSG00000078812	1873	1	-	shared_acceptor	0.02438107452926813	0.03407667939916157	-0.009695604869893442	-0.4830230320060007	0.009695604869893442	0.4830230320060007
28	chr11	69919337	69920801	1873	12	['ENSMUSG00000078812']	3	['ENSMUSG00000078812']	['ENSMUSG00000078812']	1	['ENSMUSG00000078812']	1	True	ENSMUSG00000078812	1873	1	-	shared_acceptor	0.007564775006273509	0.01838254890560449	-0.01081777389933098	-1.2809676317596441	0.01081777389933098	1.2809676317596441
29	chr11	69919337	69921163	1873	12	['ENSMUSG00000078812']	4	['ENSMUSG00000078812']	['ENSMUSG00000078812']	1	['ENSMUSG00000078812']	1	True	ENSMUSG00000078812	1873	1	-	shared_acceptor	0.9680541504644583	0.947540771695234	0.020513378769224322	0.03089972809390782	0.020513378769224322	0.03089972809390782
30	chr12	110695681	110695766	2869	14	['ENSMUSG00000021270']	1	['ENSMUSG00000021270']	['ENSMUSG00000021270']	1	['ENSMUSG00000021270']	1	True	ENSMUSG00000021270	2869	1	-	shared_acceptor	0.012281955830048907	0.010761273536869237	0.0015206822931796704	0.19069148026780525	0.0015206822931796704	0.19069148026780525
31	chr12	110695681	110696252	2869	14	['ENSMUSG00000021270']	2	['ENSMUSG00000021270']	['ENSMUSG00000021270']	1	['ENSMUSG00000021270']	1	True	ENSMUSG00000021270	2869	1	-	shared_acceptor	0.9877180441699511	0.9892387264631308	-0.0015206822931796982	-0.002219452914899821	0.0015206822931796982	0.002219452914899821
32	chr13	58393775	58393853	3152	19	['ENSMUSG00000021546']	19	['ENSMUSG00000021546']	['ENSMUSG00000021546']	1	['ENSMUSG00000021546']	1	True	ENSMUSG00000021546	3152	1	-	shared_acceptor	0.963927092266107	0.9608704646887444	0.0030566275773625806	0.004582076836178527	0.0030566275773625806	0.004582076836178527
33	chr13	58393775	58394060	3152	19	['ENSMUSG00000021546']	0	[]	['ENSMUSG00000021546']	1	['ENSMUSG00000021546']	1	False	ENSMUSG00000021546	3152	1	-	shared_acceptor	0.03607290773389306	0.03912953531125568	-0.0030566275773626223	-0.11734225493944184	0.0030566275773626223	0.11734225493944184
34	chr13	58395688	58396188	3154	36	['ENSMUSG00000021546']	24	['ENSMUSG00000021546']	['ENSMUSG00000021546']	1	['ENSMUSG00000021546']	1	True	ENSMUSG00000021546	3154	1	-	shared_acceptor	0.9330607119835028	0.90780867338927	0.025252038594232862	0.03958268458936831	0.025252038594232862	0.03958268458936831
35	chr13	58395688	58396827	3154	36	['ENSMUSG00000021546']	37	['ENSMUSG00000021546']	['ENSMUSG00000021546']	1	['ENSMUSG00000021546']	1	True	ENSMUSG00000021546	3154	1	-	shared_acceptor	0.06693928801649718	0.09219132661072997	-0.025252038594232792	-0.46177781569806653	0.025252038594232792	0.46177781569806653
36	chr13	58400418	58402064	3158	20	['ENSMUSG00000021546']	7	['ENSMUSG00000021546']	['ENSMUSG00000021546']	1	['ENSMUSG00000021546']	1	True	ENSMUSG00000021546	3158	1	-	shared_acceptor	0.10890841293017854	0.17198831308837623	-0.06307990015819769	-0.6591951263971056	0.06307990015819769	0.6591951263971056
37	chr13	58400418	58402393	3158	20	['ENSMUSG00000021546']	9	['ENSMUSG00000021546']	['ENSMUSG00000021546']	1	['ENSMUSG00000021546']	1	True	ENSMUSG00000021546	3158	1	-	shared_acceptor	0.8910915870698215	0.8280116869116239	0.06307990015819764	0.10592258985209896	0.06307990015819764	0.10592258985209896
38	chr13	98316299	98316625	3289	8	['ENSMUSG00000021660']	2	['ENSMUSG00000021660']	['ENSMUSG00000021660']	1	['ENSMUSG00000021660']	1	True	ENSMUSG00000021660	3289	1	-	shared_acceptor	0.041397716307339905	0.03667845618767599	0.004719260119663914	0.17461826305133066	0.004719260119663914	0.17461826305133066
39	chr13	98316299	98316866	3289	8	['ENSMUSG00000021660']	2	['ENSMUSG00000021660']	['ENSMUSG00000021660']	1	['ENSMUSG00000021660']	1	True	ENSMUSG00000021660	3289	1	-	shared_acceptor	0.9586022836926601	0.963321543812324	-0.004719260119663948	-0.0070850537888178244	0.004719260119663948	0.0070850537888178244
40	chr14	18270461	18270823	3393	4	['ENSMUSG00000012405']	1	['ENSMUSG00000012405']	['ENSMUSG00000012405']	1	['ENSMUSG00000012405']	1	True	ENSMUSG00000012405	3393	1	-	shared_acceptor	0.09608776483620568	0.1143767639742912	-0.018288999138085515	-0.2513693463027016	0.018288999138085515	0.2513693463027016
41	chr14	18270461	18270845	3393	4	['ENSMUSG00000012405']	1	['ENSMUSG00000012405']	['ENSMUSG00000012405']	1	['ENSMUSG00000012405']	1	True	ENSMUSG00000012405	3393	1	-	shared_acceptor	0.07468131402772545	0.034950703859122315	0.03973061016860313	1.0954257804521417	0.03973061016860313	1.0954257804521417
42	chr14	18270461	18270959	3393	4	['ENSMUSG00000012405']	1	['ENSMUSG00000012405']	['ENSMUSG00000012405']	1	['ENSMUSG00000012405']	1	True	ENSMUSG00000012405	3393	1	-	shared_acceptor	0.8292309211360689	0.8506725321665866	-0.02144161103051767	-0.036829956824311005	0.02144161103051767	0.036829956824311005
43	chr14	52081308	52081789	3590	18	['ENSMUSG00000060373']	6	['ENSMUSG00000060373']	['ENSMUSG00000060373']	1	['ENSMUSG00000060373']	1	True	ENSMUSG00000060373	3590	1	-	shared_acceptor	0.2839940247147236	0.21784816537269097	0.06614585934203265	0.38253761042187184	0.06614585934203265	0.38253761042187184
44	chr14	52081308	52081828	3590	18	['ENSMUSG00000060373']	12	['ENSMUSG00000060373']	['ENSMUSG00000060373']	1	['ENSMUSG00000060373']	1	True	ENSMUSG00000060373	3590	1	-	shared_acceptor	0.7160059752852763	0.7821518346273091	-0.06614585934203276	-0.12747706935778846	0.06614585934203276	0.12747706935778846
45	chr14	52084392	52098015	3591	11	['ENSMUSG00000060373']	8	['ENSMUSG00000060373']	['ENSMUSG00000060373']	1	['ENSMUSG00000060373']	1	True	ENSMUSG00000060373	3591	1	-	shared_acceptor	0.831788144281251	0.8097751148753685	0.022013029405882567	0.038694813564059294	0.022013029405882567	0.038694813564059294
46	chr14	52084392	52103889	3591	11	['ENSMUSG00000060373']	12	['ENSMUSG00000060373']	['ENSMUSG00000060373']	1	['ENSMUSG00000060373']	1	True	ENSMUSG00000060373	3591	1	-	shared_acceptor	0.16821185571874894	0.19022488512463148	-0.02201302940588254	-0.17742659861281052	0.02201302940588254	0.17742659861281052
47	chr16	45397296	45400222	4619	11	['ENSMUSG00000022661']	8	['ENSMUSG00000022661']	['ENSMUSG00000022661']	1	['ENSMUSG00000022661']	1	True	ENSMUSG00000022661	4619	1	-	shared_acceptor	0.6835226692772486	0.6256527907572309	0.05786987852001768	0.12762693775400524	0.05786987852001768	0.12762693775400524
48	chr16	45397296	45408856	4619	11	['ENSMUSG00000022661']	12	['ENSMUSG00000022661']	['ENSMUSG00000022661']	1	['ENSMUSG00000022661']	1	True	ENSMUSG00000022661	4619	1	-	shared_acceptor	0.31647733072275147	0.37434720924276915	-0.05786987852001768	-0.2422748354154347	0.05786987852001768	0.2422748354154347
49	chr16	84831508	84833820	4713	8	['ENSMUSG00000022890']	2	['ENSMUSG00000022890']	['ENSMUSG00000022890']	1	['ENSMUSG00000022890']	1	True	ENSMUSG00000022890	4713	1	-	shared_acceptor	0.11048857103531118	0.040719813490393504	0.06976875754491768	1.4400942636933936	0.06976875754491768	1.4400942636933936
50	chr16	84831508	84834809	4713	8	['ENSMUSG00000022890']	4	['ENSMUSG00000022890']	['ENSMUSG00000022890']	1	['ENSMUSG00000022890']	1	True	ENSMUSG00000022890	4713	1	-	shared_acceptor	0.8895114289646888	0.9592801865096066	-0.06976875754491774	-0.10893911676875223	0.06976875754491774	0.10893911676875223
51	chr16	84965771	84971408	4716	11	['ENSMUSG00000022892']	7	['ENSMUSG00000022892']	['ENSMUSG00000022892']	1	['ENSMUSG00000022892']	1	True	ENSMUSG00000022892	4716	1	-	shared_acceptor	0.36868623644910803	0.3074710727773483	0.06121516367175972	0.2619428724480488	0.06121516367175972	0.2619428724480488
52	chr16	84965771	84978064	4716	11	['ENSMUSG00000022892']	10	['ENSMUSG00000022892']	['ENSMUSG00000022892']	1	['ENSMUSG00000022892']	1	True	ENSMUSG00000022892	4716	1	-	shared_acceptor	0.631313763550892	0.6925289272226517	-0.06121516367175972	-0.13351712991596243	0.06121516367175972	0.13351712991596243
53	chr16	85030366	85040251	4721	13	['ENSMUSG00000022892']	7	['ENSMUSG00000022892']	['ENSMUSG00000022892']	1	['ENSMUSG00000022892']	1	True	ENSMUSG00000022892	4721	1	-	shared_acceptor	0.6310391057760089	0.5403524596327091	0.0906866461432998	0.2238286605366605	0.0906866461432998	0.2238286605366605
54	chr16	85030366	85043576	4721	13	['ENSMUSG00000022892']	11	['ENSMUSG00000022892']	['ENSMUSG00000022892']	1	['ENSMUSG00000022892']	1	True	ENSMUSG00000022892	4721	1	-	shared_acceptor	0.25659481148105345	0.34596440037141185	-0.0893695888903584	-0.43113159271595447	0.0893695888903584	0.43113159271595447
55	chr16	85030366	85056324	4721	13	['ENSMUSG00000022892']	13	['ENSMUSG00000022892']	['ENSMUSG00000022892']	1	['ENSMUSG00000022892']	1	True	ENSMUSG00000022892	4721	1	-	shared_acceptor	0.11236608274293763	0.11368313999587921	-0.0013170572529415808	-0.01681167870533562	0.0013170572529415808	0.01681167870533562
56	chr17	23676274	23676519	4872	6	['ENSMUSG00000023905']	6	['ENSMUSG00000023905']	['ENSMUSG00000023905']	1	['ENSMUSG00000023905']	1	True	ENSMUSG00000023905	4872	1	-	shared_acceptor	0.9352394265867158	0.981227160870943	-0.0459877342842272	-0.0692514185335425	0.0459877342842272	0.0692514185335425
57	chr17	23676274	23677327	4872	6	['ENSMUSG00000023905']	8	['ENSMUSG00000023905']	['ENSMUSG00000023905']	1	['ENSMUSG00000023905']	1	True	ENSMUSG00000023905	4872	1	-	shared_acceptor	0.06476057341328427	0.01877283912905709	0.04598773428422718	1.7864688511689062	0.04598773428422718	1.7864688511689062
58	chr17	33823117	33823193	5088	3	['ENSMUSG00000067288']	4	['ENSMUSG00000067288']	['ENSMUSG00000067288']	1	['ENSMUSG00000067288']	1	True	ENSMUSG00000067288	5088	1	-	shared_acceptor	0.7309106942186439	0.730275291054147	0.0006354031644968394	0.0012547246690716718	0.0006354031644968394	0.0012547246690716718
59	chr17	33823117	33823197	5088	3	['ENSMUSG00000067288']	1	['ENSMUSG00000067288']	['ENSMUSG00000067288']	1	['ENSMUSG00000067288']	1	True	ENSMUSG00000067288	5088	1	-	shared_acceptor	0.2690893057813561	0.26972470894585304	-0.0006354031644969504	-0.003402633899130647	0.0006354031644969504	0.003402633899130647
60	chr17	33996655	33996827	5100	13	['ENSMUSG00000061232']	13	['ENSMUSG00000061232']	['ENSMUSG00000061232']	1	['ENSMUSG00000061232', 'ENSMUSG00000067203']	2	True	ENSMUSG00000061232	5100	1	-	shared_acceptor	0.9807257402840296	0.983177371865853	-0.002451631581823377	-0.0036019684851008316	0.002451631581823377	0.0036019684851008316
61	chr17	33996655	33997038	5100	13	['ENSMUSG00000061232']	17	['ENSMUSG00000061232']	['ENSMUSG00000061232']	1	['ENSMUSG00000061232', 'ENSMUSG00000067203']	2	True	ENSMUSG00000061232	5100	1	-	shared_acceptor	0.01927425971597043	0.016822628134146974	0.0024516315818234567	0.1962723295265505	0.0024516315818234567	0.1962723295265505
62	chr17	80201603	80202169	5398	11	['ENSMUSG00000024097']	9	['ENSMUSG00000024097']	['ENSMUSG00000024097']	1	['ENSMUSG00000024097']	1	True	ENSMUSG00000024097	5398	1	-	shared_acceptor	0.7840123663690558	0.8299060935775626	-0.04589372720850682	-0.08207168980964036	0.04589372720850682	0.08207168980964036
63	chr17	80201603	80202691	5398	11	['ENSMUSG00000024097']	11	['ENSMUSG00000024097']	['ENSMUSG00000024097']	1	['ENSMUSG00000024097']	1	True	ENSMUSG00000024097	5398	1	-	shared_acceptor	0.2159876336309442	0.17009390642243735	0.045893727208506846	0.3446172537779999	0.045893727208506846	0.3446172537779999
64	chr17	87435935	87442696	5434	6	['ENSMUSG00000036438']	5	['ENSMUSG00000036438']	['ENSMUSG00000036438']	1	['ENSMUSG00000036438']	1	True	ENSMUSG00000036438	5434	1	-	shared_acceptor	0.9621542598274282	0.9444544014751096	0.017699858352318576	0.026787071689479025	0.017699858352318576	0.026787071689479025
65	chr17	87435935	87446793	5434	6	['ENSMUSG00000036438']	8	['ENSMUSG00000036438']	['ENSMUSG00000036438']	1	['ENSMUSG00000036438']	1	True	ENSMUSG00000036438	5434	1	-	shared_acceptor	0.037845740172571765	0.055545598524890404	-0.01769985835231864	-0.5535416607620256	0.01769985835231864	0.5535416607620256
66	chr2	60752983	60753730	6559	3	['ENSMUSG00000026970']	3	['ENSMUSG00000026970']	['ENSMUSG00000026970']	1	['ENSMUSG00000026970']	1	True	ENSMUSG00000026970	6559	1	-	shared_acceptor	0.8482265997311248	0.8629456975204906	-0.014719097789365754	-0.02482005248908603	0.014719097789365754	0.02482005248908603
67	chr2	60752983	60755416	6559	3	['ENSMUSG00000026970']	8	['ENSMUSG00000026970']	['ENSMUSG00000026970']	1	['ENSMUSG00000026970']	1	False	ENSMUSG00000026970	6559	1	-	shared_acceptor	0.1517734002688752	0.13705430247950934	0.014719097789365865	0.14717134716381208	0.014719097789365865	0.14717134716381208
68	chr2	60758855	60759759	6561	8	['ENSMUSG00000026970']	5	['ENSMUSG00000026970']	['ENSMUSG00000026970']	1	['ENSMUSG00000026970']	1	True	ENSMUSG00000026970	6561	1	-	shared_acceptor	0.3198339781253778	0.23803052508202158	0.0818034530433562	0.4261766157588145	0.0818034530433562	0.4261766157588145
69	chr2	60758855	60762053	6561	8	['ENSMUSG00000026970']	8	['ENSMUSG00000026970']	['ENSMUSG00000026970']	1	['ENSMUSG00000026970']	1	True	ENSMUSG00000026970	6561	1	-	shared_acceptor	0.6801660218746222	0.7619694749179785	-0.08180345304335634	-0.16384626607851988	0.08180345304335634	0.16384626607851988
70	chr2	156173023	156174097	7006	19	['ENSMUSG00000027620']	3	['ENSMUSG00000027620']	['ENSMUSG00000027620']	1	['ENSMUSG00000027620']	1	True	ENSMUSG00000027620	7006	1	-	shared_acceptor	0.05985770629607101	0.08462721723954664	-0.024769510943475626	-0.4995847239818114	0.024769510943475626	0.4995847239818114
71	chr2	156173023	156177336	7006	19	['ENSMUSG00000027620']	25	['ENSMUSG00000027620']	['ENSMUSG00000027620']	1	['ENSMUSG00000027620']	1	True	ENSMUSG00000027620	7006	1	-	shared_acceptor	0.940142293703929	0.9153727827604534	0.02476951094347557	0.038519733831776745	0.02476951094347557	0.038519733831776745
72	chr2	156177386	156178880	7009	24	['ENSMUSG00000027620']	9	['ENSMUSG00000027620']	['ENSMUSG00000027620']	1	['ENSMUSG00000027620']	1	True	ENSMUSG00000027620	7009	1	-	shared_acceptor	0.09961721813480949	0.17887717743459658	-0.07925995929978709	-0.8445022936285747	0.07925995929978709	0.8445022936285747
73	chr2	156177386	156179177	7009	24	['ENSMUSG00000027620']	30	['ENSMUSG00000027620']	['ENSMUSG00000027620']	1	['ENSMUSG00000027620']	1	True	ENSMUSG00000027620	7009	1	-	shared_acceptor	0.9003827818651906	0.8211228225654034	0.07925995929978724	0.13294043332473798	0.07925995929978724	0.13294043332473798
74	chr3	65951555	65955130	7329	12	['ENSMUSG00000027829']	1	['ENSMUSG00000027829']	['ENSMUSG00000027829']	1	['ENSMUSG00000027829']	1	True	ENSMUSG00000027829	7329	1	-	shared_acceptor	0.08576023090104576	0.08702168301362957	-0.0012614521125838135	-0.02106612874683078	0.0012614521125838135	0.02106612874683078
75	chr3	65951555	65955204	7329	12	['ENSMUSG00000027829']	6	['ENSMUSG00000027829']	['ENSMUSG00000027829']	1	['ENSMUSG00000027829']	1	True	ENSMUSG00000027829	7329	1	-	shared_acceptor	0.12279663653695369	0.09450448932293078	0.028292147214022914	0.37781627199308065	0.028292147214022914	0.37781627199308065
76	chr3	65951555	65956853	7329	12	['ENSMUSG00000027829']	16	['ENSMUSG00000027829']	['ENSMUSG00000027829']	1	['ENSMUSG00000027829']	1	True	ENSMUSG00000027829	7329	1	-	shared_acceptor	0.7914431325620005	0.8184738276634397	-0.027030695101439184	-0.048450591971001544	0.027030695101439184	0.048450591971001544
77	chr3	90213302	90213381	7452	9	['ENSMUSG00000090733']	2	['ENSMUSG00000090733']	['ENSMUSG00000090733']	1	['ENSMUSG00000090733']	1	True	ENSMUSG00000090733	7452	1	-	shared_acceptor	0.024530489406674176	0.015288216954136683	0.009242272452537493	0.6821558250024502	0.009242272452537493	0.6821558250024502
78	chr3	90213302	90213610	7452	9	['ENSMUSG00000090733']	7	['ENSMUSG00000090733']	['ENSMUSG00000090733']	1	['ENSMUSG00000090733']	1	True	ENSMUSG00000090733	7452	1	-	shared_acceptor	0.9754695105933259	0.9847117830458634	-0.009242272452537503	-0.013604741024658053	0.009242272452537503	0.013604741024658053
79	chr3	130729303	130730121	7693	6	['ENSMUSG00000062006']	1	['ENSMUSG00000062006']	['ENSMUSG00000062006']	1	['ENSMUSG00000062006']	1	True	ENSMUSG00000062006	7693	1	-	shared_acceptor	0.07094838102465047	0.08461495280152376	-0.01366657177687329	-0.25414286592317437	0.01366657177687329	0.25414286592317437
80	chr3	130729303	130730318	7693	6	['ENSMUSG00000062006']	4	['ENSMUSG00000062006']	['ENSMUSG00000062006']	1	['ENSMUSG00000062006']	1	True	ENSMUSG00000062006	7693	1	-	shared_acceptor	0.9290516189753495	0.9153850471984764	0.013666571776873138	0.02138003056667047	0.013666571776873138	0.02138003056667047
81	chr5	123745112	123745497	9247	20	['ENSMUSG00000029422']	10	['ENSMUSG00000029422']	['ENSMUSG00000029422']	1	['ENSMUSG00000029422']	1	True	ENSMUSG00000029422	9247	1	-	shared_acceptor	0.03006089952441622	0.14120614266541165	-0.11114524314099543	-2.2318427260998637	0.11114524314099543	2.2318427260998637
82	chr5	123745112	123749289	9247	20	['ENSMUSG00000029422']	19	['ENSMUSG00000029422']	['ENSMUSG00000029422']	1	['ENSMUSG00000029422']	1	True	ENSMUSG00000029422	9247	1	-	shared_acceptor	0.9699391004755838	0.8587938573345882	0.11114524314099561	0.17558229540143133	0.11114524314099561	0.17558229540143133
83	chr5	125388265	125389100	9275	3	['ENSMUSG00000008348']	1	['ENSMUSG00000008348']	['ENSMUSG00000008348']	1	['ENSMUSG00000008348']	1	True	ENSMUSG00000008348	9275	1	-	shared_acceptor	0.006657486461913895	0.008118983411654937	-0.0014614969497410424	-0.2863214683107289	0.0014614969497410424	0.2863214683107289
84	chr5	125388265	125389497	9275	3	['ENSMUSG00000008348']	0	[]	['ENSMUSG00000008348']	1	['ENSMUSG00000008348']	1	False	ENSMUSG00000008348	9275	1	-	shared_acceptor	0.007610052414606431	0.00886958988441154	-0.0012595374698051087	-0.2209609808507711	0.0012595374698051087	0.2209609808507711
85	chr5	125388265	125389697	9275	3	['ENSMUSG00000008348']	1	['ENSMUSG00000008348']	['ENSMUSG00000008348']	1	['ENSMUSG00000008348']	1	True	ENSMUSG00000008348	9275	1	-	shared_acceptor	0.983487561700771	0.9740081628129188	0.009479398887852208	0.013972943579287873	0.009479398887852208	0.013972943579287873
86	chr5	125388265	125389910	9275	3	['ENSMUSG00000008348']	1	['ENSMUSG00000008348']	['ENSMUSG00000008348']	1	['ENSMUSG00000008348']	1	True	ENSMUSG00000008348	9275	1	-	shared_acceptor	0.0022448994227087394	0.009003263891014808	-0.006758364468306069	-2.003796814161939	0.006758364468306069	2.003796814161939
87	chr5	149050752	149051279	9487	9	['ENSMUSG00000066551']	1	['ENSMUSG00000066551']	['ENSMUSG00000066551']	1	['ENSMUSG00000066551']	1	True	ENSMUSG00000066551	9487	1	-	shared_acceptor	0.014174031248904057	0.048241644101171495	-0.034067612852267434	-1.7670288692164906	0.034067612852267434	1.7670288692164906
88	chr5	149050752	149052900	9487	9	['ENSMUSG00000066551']	5	['ENSMUSG00000066551']	['ENSMUSG00000066551']	1	['ENSMUSG00000066551']	1	True	ENSMUSG00000066551	9487	1	-	shared_acceptor	0.9858259687510958	0.9517583558988285	0.03406761285226734	0.050737654222955994	0.03406761285226734	0.050737654222955994
89	chr6	51467296	51467391	9695	14	['ENSMUSG00000004980']	4	['ENSMUSG00000004980']	['ENSMUSG00000004980']	1	['ENSMUSG00000004980']	1	True	ENSMUSG00000004980	9695	1	-	shared_acceptor	0.09001507969201603	0.0812088079240536	0.00880627176796242	0.14853049518942596	0.00880627176796242	0.14853049518942596
90	chr6	51467296	51469671	9695	14	['ENSMUSG00000004980']	14	['ENSMUSG00000004980']	['ENSMUSG00000004980']	1	['ENSMUSG00000004980']	1	True	ENSMUSG00000004980	9695	1	-	shared_acceptor	0.909984920307984	0.9187911920759464	-0.008806271767962448	-0.01389438839354075	0.008806271767962448	0.01389438839354075
91	chr6	87845558	87845656	9849	13	['ENSMUSG00000030057']	8	['ENSMUSG00000030057']	['ENSMUSG00000030057']	1	['ENSMUSG00000030057']	1	True	ENSMUSG00000030057	9849	1	-	shared_acceptor	0.7267832667613705	0.6287825398896231	0.09800072687174743	0.20896404624913617	0.09800072687174743	0.20896404624913617
92	chr6	87845558	87845674	9849	13	['ENSMUSG00000030057']	2	['ENSMUSG00000030057']	['ENSMUSG00000030057']	1	['ENSMUSG00000030057']	1	True	ENSMUSG00000030057	9849	1	-	shared_acceptor	0.021743908192674525	0.02181763587637526	-7.372768370073404e-05	-0.0048835119417729445	7.372768370073404e-05	0.0048835119417729445
93	chr6	87845558	87845677	9849	13	['ENSMUSG00000030057']	3	['ENSMUSG00000030057']	['ENSMUSG00000030057']	1	['ENSMUSG00000030057']	1	True	ENSMUSG00000030057	9849	1	-	shared_acceptor	0.2514728250459549	0.3493998242340017	-0.09792699918804676	-0.4744763746626153	0.09792699918804676	0.4744763746626153
94	chr6	87845794	87849015	9850	8	['ENSMUSG00000030057']	1	['ENSMUSG00000030057']	['ENSMUSG00000030057']	1	['ENSMUSG00000030057']	1	True	ENSMUSG00000030057	9850	1	-	shared_acceptor	0.008490010266986802	0.0225833765054753	-0.014093366238488498	-1.4114228941246765	0.014093366238488498	1.4114228941246765
95	chr6	87845794	87850904	9850	8	['ENSMUSG00000030057']	8	['ENSMUSG00000030057']	['ENSMUSG00000030057']	1	['ENSMUSG00000030057']	1	True	ENSMUSG00000030057	9850	1	-	shared_acceptor	0.9915099897330132	0.9774166234945247	0.014093366238488447	0.020653666502419364	0.014093366238488447	0.020653666502419364
96	chr6	124914233	124914408	10035	5	['ENSMUSG00000030122']	4	['ENSMUSG00000030122']	['ENSMUSG00000030122']	1	['ENSMUSG00000030122']	1	True	ENSMUSG00000030122	10035	1	-	shared_acceptor	0.9482270002169048	0.9406342374842703	0.007592762732634428	0.011598628752010856	0.007592762732634428	0.011598628752010856
97	chr6	124914233	124914635	10035	5	['ENSMUSG00000030122']	5	['ENSMUSG00000030122']	['ENSMUSG00000030122']	1	['ENSMUSG00000030122']	1	True	ENSMUSG00000030122	10035	1	-	shared_acceptor	0.051772999783095235	0.059365762515729545	-0.00759276273263431	-0.19743122279400271	0.00759276273263431	0.19743122279400271
98	chr7	27322412	27322811	10392	9	['ENSMUSG00000040488']	9	['ENSMUSG00000040488']	['ENSMUSG00000040488']	1	['ENSMUSG00000040488']	1	True	ENSMUSG00000040488	10392	1	-	shared_acceptor	0.9953417672330981	0.9923421808059589	0.002999586427139156	0.0043543056713084	0.002999586427139156	0.0043543056713084
99	chr7	27322412	27326487	10392	9	['ENSMUSG00000040488']	9	['ENSMUSG00000040488']	['ENSMUSG00000040488']	1	['ENSMUSG00000040488']	1	False	ENSMUSG00000040488	10392	1	-	shared_acceptor	0.004658232766901865	0.007657819194041044	-0.0029995864271391793	-0.7171507450574905	0.0029995864271391793	0.7171507450574905
100	chr7	63891798	63936230	10654	5	['ENSMUSG00000052040']	1	['ENSMUSG00000052040']	['ENSMUSG00000052040']	1	['ENSMUSG00000052040']	1	True	ENSMUSG00000052040	10654	1	-	shared_acceptor	0.1599136533539293	0.14204719468689403	0.017866458667035262	0.17092277978878645	0.017866458667035262	0.17092277978878645
101	chr7	63891798	63937967	10654	5	['ENSMUSG00000052040']	2	['ENSMUSG00000052040']	['ENSMUSG00000052040']	1	['ENSMUSG00000052040']	1	True	ENSMUSG00000052040	10654	1	-	shared_acceptor	0.8400863466460707	0.8579528053131059	-0.01786645866703518	-0.030360669273740343	0.01786645866703518	0.030360669273740343
102	chr7	79143051	79143278	10691	6	['ENSMUSG00000030605']	2	['ENSMUSG00000030605']	['ENSMUSG00000030605']	1	['ENSMUSG00000030605']	1	True	ENSMUSG00000030605	10691	1	-	shared_acceptor	0.006993224493877423	0.11610503886427194	-0.10911181437039452	-4.0533287624673235	0.10911181437039452	4.0533287624673235
103	chr7	79143051	79145247	10691	6	['ENSMUSG00000030605']	5	['ENSMUSG00000030605']	['ENSMUSG00000030605']	1	['ENSMUSG00000030605']	1	True	ENSMUSG00000030605	10691	1	-	shared_acceptor	0.9930067755061226	0.8838949611357281	0.10911181437039452	0.16792862626878977	0.10911181437039452	0.16792862626878977
104	chr7	99349465	99351824	10794	7	['ENSMUSG00000070436']	3	['ENSMUSG00000070436']	['ENSMUSG00000070436']	1	['ENSMUSG00000070436']	1	True	ENSMUSG00000070436	10794	1	-	shared_acceptor	0.058548557874502465	0.06987968379800738	-0.011331125923504916	-0.25523944040354385	0.011331125923504916	0.25523944040354385
105	chr7	99349465	99352882	10794	7	['ENSMUSG00000070436']	2	['ENSMUSG00000070436']	['ENSMUSG00000070436']	1	['ENSMUSG00000070436']	1	True	ENSMUSG00000070436	10794	1	-	shared_acceptor	0.11534716691807305	0.12656388854608208	-0.011216721628009033	-0.13388325990514582	0.011216721628009033	0.13388325990514582
106	chr7	99349465	99352887	10794	7	['ENSMUSG00000070436']	3	['ENSMUSG00000070436']	['ENSMUSG00000070436']	1	['ENSMUSG00000070436']	1	True	ENSMUSG00000070436	10794	1	-	shared_acceptor	0.0859218918813003	0.07548404786731085	0.01043784401398945	0.18685396729401615	0.01043784401398945	0.18685396729401615
107	chr7	99349465	99353053	10794	7	['ENSMUSG00000070436']	4	['ENSMUSG00000070436']	['ENSMUSG00000070436']	1	['ENSMUSG00000070436']	1	True	ENSMUSG00000070436	10794	1	-	shared_acceptor	0.7401823833261241	0.7280723797885997	0.012110003537524339	0.02379891916790655	0.012110003537524339	0.02379891916790655
108	chr7	126797777	126797974	10991	13	['ENSMUSG00000030695']	6	['ENSMUSG00000030695']	['ENSMUSG00000030695']	1	['ENSMUSG00000030695']	1	True	ENSMUSG00000030695	10991	1	-	shared_acceptor	0.021100980436746353	0.02218268789275943	-0.0010817074560130757	-0.07212415126032301	0.0010817074560130757	0.07212415126032301
109	chr7	126797777	126799045	10991	13	['ENSMUSG00000030695']	4	['ENSMUSG00000030695']	['ENSMUSG00000030695']	1	['ENSMUSG00000030695']	1	True	ENSMUSG00000030695	10991	1	-	shared_acceptor	0.8347855737668082	0.802666730433439	0.03211884333336923	0.05660456802938846	0.03211884333336923	0.05660456802938846
110	chr7	126797777	126800002	10991	13	['ENSMUSG00000030695']	2	['ENSMUSG00000030695']	['ENSMUSG00000030695']	1	['ENSMUSG00000030695']	1	True	ENSMUSG00000030695	10991	1	-	shared_acceptor	0.09697593891284416	0.14300387047627855	-0.04602793156343439	-0.5603554460686642	0.04602793156343439	0.5603554460686642
111	chr7	126797777	126800288	10991	13	['ENSMUSG00000030695']	2	['ENSMUSG00000030695']	['ENSMUSG00000030695']	1	['ENSMUSG00000030695']	1	True	ENSMUSG00000030695	10991	1	-	shared_acceptor	0.0471375068836015	0.03214671119752315	0.014990795686078348	0.552204293077617	0.014990795686078348	0.552204293077617
112	chr7	143459251	143459759	11220	8	['ENSMUSG00000037664']	2	['ENSMUSG00000037664']	['ENSMUSG00000037664']	1	['ENSMUSG00000037664']	1	True	ENSMUSG00000037664	11220	1	-	shared_acceptor	0.3862737717497537	0.40541964828472565	-0.019145876534971962	-0.06979228826407535	0.019145876534971962	0.06979228826407535
113	chr7	143459251	143459795	11220	8	['ENSMUSG00000037664']	6	['ENSMUSG00000037664']	['ENSMUSG00000037664']	1	['ENSMUSG00000037664']	1	True	ENSMUSG00000037664	11220	1	-	shared_acceptor	0.6137262282502463	0.5945803517152743	0.019145876534971906	0.045723450580110514	0.019145876534971906	0.045723450580110514
114	chr8	70896313	70897333	11541	12	['ENSMUSG00000045128']	2	['ENSMUSG00000045128']	['ENSMUSG00000045128']	1	['ENSMUSG00000045128']	1	True	ENSMUSG00000045128	11541	1	-	shared_acceptor	0.004872579682531935	0.011460859321771153	-0.006588279639239219	-1.2339573659789975	0.006588279639239219	1.2339573659789975
115	chr8	70896313	70897359	11541	12	['ENSMUSG00000045128']	11	['ENSMUSG00000045128']	['ENSMUSG00000045128']	1	['ENSMUSG00000045128']	1	True	ENSMUSG00000045128	11541	1	-	shared_acceptor	0.995127420317468	0.9885391406782288	0.006588279639239247	0.009583176416682371	0.006588279639239247	0.009583176416682371
116	chr9	31153500	31156190	12082	7	['ENSMUSG00000031996']	5	['ENSMUSG00000031996']	['ENSMUSG00000031996']	1	['ENSMUSG00000031996']	1	True	ENSMUSG00000031996	12082	1	-	shared_acceptor	0.36904168991133424	0.14743576032001857	0.22160592959131567	1.323697307657149	0.22160592959131567	1.323697307657149
117	chr9	31153500	31157695	12082	7	['ENSMUSG00000031996']	8	['ENSMUSG00000031996']	['ENSMUSG00000031996']	1	['ENSMUSG00000031996']	1	True	ENSMUSG00000031996	12082	1	-	shared_acceptor	0.6309583100886659	0.8525642396799815	-0.22160592959131564	-0.43426385916828514	0.22160592959131564	0.43426385916828514
118	chr9	31164674	31167561	12083	9	['ENSMUSG00000031996']	5	['ENSMUSG00000031996']	['ENSMUSG00000031996']	1	['ENSMUSG00000031996']	1	True	ENSMUSG00000031996	12083	1	-	shared_acceptor	0.5120022273470093	0.8215085363017472	-0.30950630895473796	-0.6821254788980158	0.30950630895473796	0.6821254788980158
119	chr9	31164674	31168708	12083	9	['ENSMUSG00000031996']	8	['ENSMUSG00000031996']	['ENSMUSG00000031996']	1	['ENSMUSG00000031996']	1	True	ENSMUSG00000031996	12083	1	-	shared_acceptor	0.4879977726529908	0.1784914636982528	0.309506308954738	1.4510194784083694	0.309506308954738	1.4510194784083694
120	chr9	90102387	90103655	12449	14	['ENSMUSG00000062270']	4	['ENSMUSG00000062270']	['ENSMUSG00000062270']	1	['ENSMUSG00000062270']	1	True	ENSMUSG00000062270	12449	1	-	shared_acceptor	0.011516857204110454	0.08416464171970303	-0.07264778451559258	-2.8694670856527447	0.07264778451559258	2.8694670856527447
121	chr9	90102387	90107235	12449	14	['ENSMUSG00000062270']	11	['ENSMUSG00000062270']	['ENSMUSG00000062270']	1	['ENSMUSG00000062270']	1	True	ENSMUSG00000062270	12449	1	-	shared_acceptor	0.9884831427958896	0.9158353582802969	0.07264778451559262	0.11012809769459997	0.07264778451559262	0.11012809769459997
122	chr9	119338187	119338576	12661	2	['ENSMUSG00000032508']	2	['ENSMUSG00000032508']	['ENSMUSG00000032508']	1	['ENSMUSG00000032508']	1	True	ENSMUSG00000032508	12661	1	-	shared_acceptor	0.9108248019482815	0.9396715117954255	-0.028846709847143992	-0.04498293396621242	0.028846709847143992	0.04498293396621242
123	chr9	119338187	119339632	12661	2	['ENSMUSG00000032508']	3	['ENSMUSG00000032508']	['ENSMUSG00000032508']	1	['ENSMUSG00000032508']	1	False	ENSMUSG00000032508	12661	1	-	shared_acceptor	0.08917519805171839	0.06032848820457455	0.02884670984714384	0.5638030773297915	0.02884670984714384	0.5638030773297915
124	chrX	38405572	38421641	12803	2	['ENSMUSG00000016534']	0	[]	['ENSMUSG00000016534']	1	['ENSMUSG00000016534']	1	False	ENSMUSG00000016534	12803	1	-	shared_acceptor	0.05006207022673019	0.17503585913709277	-0.12497378891036258	-1.8058606354811313	0.12497378891036258	1.8058606354811313
125	chrX	38405572	38424267	12803	2	['ENSMUSG00000016534']	6	['ENSMUSG00000016534']	['ENSMUSG00000016534']	1	['ENSMUSG00000016534']	1	True	ENSMUSG00000016534	12803	1	-	shared_acceptor	0.9499379297732697	0.8249641408629073	0.12497378891036248	0.20350183829144236	0.12497378891036248	0.20350183829144236
126	chrX	136734502	136735546	13000	14	['ENSMUSG00000031422']	8	['ENSMUSG00000031422']	['ENSMUSG00000031422']	1	['ENSMUSG00000031422']	1	True	ENSMUSG00000031422	13000	1	-	shared_acceptor	0.8994866512722338	0.9545962498365866	-0.055109598564352824	-0.08578879714626879	0.055109598564352824	0.08578879714626879
127	chrX	136734502	136739805	13000	14	['ENSMUSG00000031422']	13	['ENSMUSG00000031422']	['ENSMUSG00000031422']	1	['ENSMUSG00000031422']	1	True	ENSMUSG00000031422	13000	1	-	shared_acceptor	0.10051334872776617	0.04540375016341338	0.05510959856435279	1.1465037263353817	0.05510959856435279	1.1465037263353817
128	chrX	155214135	155215121	13047	6	['ENSMUSG00000025283']	2	['ENSMUSG00000025283']	['ENSMUSG00000025283']	1	['ENSMUSG00000025283']	1	True	ENSMUSG00000025283	13047	1	-	shared_acceptor	0.076525976642585	0.10792111744316527	-0.03139514080058027	-0.495955729032286	0.03139514080058027	0.495955729032286
129	chrX	155214135	155215601	13047	6	['ENSMUSG00000025283']	6	['ENSMUSG00000025283']	['ENSMUSG00000025283']	1	['ENSMUSG00000025283']	1	True	ENSMUSG00000025283	13047	1	-	shared_acceptor	0.923474023357415	0.8920788825568348	0.03139514080058026	0.04990009290286025	0.03139514080058026	0.04990009290286025
130	chr1	36316328	36318084	13174	17	['ENSMUSG00000037447']	19	['ENSMUSG00000037447']	['ENSMUSG00000037447']	1	['ENSMUSG00000037447']	1	True	ENSMUSG00000037447	13174	3	+	shared_acceptor	0.40203145624835385	0.16724496475798675	0.2347864914903671	1.2653456056143213	0.2347864914903671	1.2653456056143213
131	chr1	36317663	36318084	13174	13	['ENSMUSG00000037447']	19	['ENSMUSG00000037447']	['ENSMUSG00000037447']	1	['ENSMUSG00000037447']	1	True	ENSMUSG00000037447	13174	3	+	shared_acceptor	0.5979685437516461	0.8327550352420132	-0.23478649149036712	-0.47782257830777236	0.23478649149036712	0.47782257830777236
132	chr1	39367935	39368149	13205	2	['ENSMUSG00000073702']	14	['ENSMUSG00000073702']	['ENSMUSG00000073702']	1	['ENSMUSG00000073702']	1	True	ENSMUSG00000073702	13205	3	+	shared_acceptor	0.9387472977869776	0.9568396271890212	-0.018092329402043528	-0.027540289679863578	0.018092329402043528	0.027540289679863578
133	chr1	39368007	39368149	13205	1	['ENSMUSG00000073702']	14	['ENSMUSG00000073702']	['ENSMUSG00000073702']	1	['ENSMUSG00000073702']	1	True	ENSMUSG00000073702	13205	3	+	shared_acceptor	0.061252702213022474	0.04316037281097888	0.018092329402043597	0.50506615471547	0.018092329402043597	0.50506615471547
134	chr1	59692390	59695978	13297	10	['ENSMUSG00000026020']	9	['ENSMUSG00000026020']	['ENSMUSG00000026020']	1	['ENSMUSG00000026020']	1	True	ENSMUSG00000026020	13297	3	+	shared_acceptor	0.9837170410973793	0.9654429277537773	0.018274113343602072	0.027052418043593096	0.018274113343602072	0.027052418043593096
135	chr1	59692729	59695978	13297	3	['ENSMUSG00000026020']	9	['ENSMUSG00000026020']	['ENSMUSG00000026020']	1	['ENSMUSG00000026020']	1	True	ENSMUSG00000026020	13297	3	+	shared_acceptor	0.016282958902620572	0.03455707224622281	-0.018274113343602235	-1.0856180606989092	0.018274113343602235	1.0856180606989092
136	chr1	90204088	90213795	13431	2	['ENSMUSG00000044337']	2	['ENSMUSG00000044337']	['ENSMUSG00000044337']	1	['ENSMUSG00000044337']	1	True	ENSMUSG00000044337	13431	2	+	shared_acceptor	0.9919607405589737	0.9646964023362529	0.027264338222720785	0.04020803711568204	0.027264338222720785	0.04020803711568204
137	chr1	90209871	90213795	13431	1	['ENSMUSG00000044337']	2	['ENSMUSG00000044337']	['ENSMUSG00000044337']	1	['ENSMUSG00000044337']	1	True	ENSMUSG00000044337	13431	2	+	shared_acceptor	0.008039259441026358	0.03530359766374717	-0.02726433822272081	-2.134680557574379	0.02726433822272081	2.134680557574379
138	chr1	134415586	134422921	13569	3	['ENSMUSG00000026457']	3	['ENSMUSG00000026457']	['ENSMUSG00000026457']	1	['ENSMUSG00000026457']	1	True	ENSMUSG00000026457	13569	2	+	shared_acceptor	0.5563125209486831	0.663775179564103	-0.10746265861541993	-0.2547991067937545	0.10746265861541993	0.2547991067937545
139	chr1	134415990	134422921	13569	1	['ENSMUSG00000026457']	3	['ENSMUSG00000026457']	['ENSMUSG00000026457']	1	['ENSMUSG00000026457']	1	True	ENSMUSG00000026457	13569	2	+	shared_acceptor	0.44368747905131684	0.33622482043589685	0.10746265861541998	0.4001176099282724	0.10746265861541998	0.4001176099282724
140	chr10	4313858	4353142	13884	2	['ENSMUSG00000038587']	9	['ENSMUSG00000038587']	['ENSMUSG00000038587']	1	['ENSMUSG00000038587']	1	True	ENSMUSG00000038587	13884	2	+	shared_acceptor	0.058287196976204346	0.8355569596730867	-0.7772697626968824	-3.8414872273055938	0.7772697626968824	3.8414872273055938
141	chr10	4334710	4353142	13884	2	['ENSMUSG00000038587']	9	['ENSMUSG00000038587']	['ENSMUSG00000038587']	1	['ENSMUSG00000038587']	1	True	ENSMUSG00000038587	13884	2	+	shared_acceptor	0.9417128030237957	0.16444304032691331	0.7772697626968823	2.517699185924488	0.7772697626968823	2.517699185924488
142	chr10	21994182	21994966	13941	2	['ENSMUSG00000019970']	14	['ENSMUSG00000019970']	['ENSMUSG00000019970']	1	['ENSMUSG00000019970']	1	True	ENSMUSG00000019970	13941	3	+	shared_acceptor	0.20835459685757873	0.08610061396058777	0.12225398289699096	1.2749454900104178	0.12225398289699096	1.2749454900104178
143	chr10	21994826	21994966	13941	4	['ENSMUSG00000019970']	14	['ENSMUSG00000019970']	['ENSMUSG00000019970']	1	['ENSMUSG00000019970']	1	True	ENSMUSG00000019970	13941	3	+	shared_acceptor	0.7916454031424213	0.9138993860394123	-0.12225398289699108	-0.20718098562953732	0.12225398289699108	0.20718098562953732
144	chr10	60296003	60299098	14052	8	['ENSMUSG00000004207']	8	['ENSMUSG00000004207']	['ENSMUSG00000004207']	1	['ENSMUSG00000004207']	1	True	ENSMUSG00000004207	14052	3	+	shared_acceptor	0.9650193005000139	0.8821286415992998	0.08289065890071412	0.12956873598245316	0.08289065890071412	0.12956873598245316
145	chr10	60297546	60299098	14052	2	['ENSMUSG00000004207']	8	['ENSMUSG00000004207']	['ENSMUSG00000004207']	1	['ENSMUSG00000004207']	1	True	ENSMUSG00000004207	14052	3	+	shared_acceptor	0.03498069949998607	0.1178713584007002	-0.08289065890071413	-1.7525821271074205	0.08289065890071413	1.7525821271074205
146	chr11	69838574	69838920	14906	2	['ENSMUSG00000070394']	5	['ENSMUSG00000070394']	['ENSMUSG00000070394']	1	['ENSMUSG00000070394']	1	True	ENSMUSG00000070394	14906	3	+	shared_acceptor	0.3553261070697474	0.33860083674853614	0.01672527032121124	0.0695581538680008	0.01672527032121124	0.0695581538680008
147	chr11	69838650	69838920	14906	3	['ENSMUSG00000070394']	5	['ENSMUSG00000070394']	['ENSMUSG00000070394']	1	['ENSMUSG00000070394']	1	True	ENSMUSG00000070394	14906	3	+	shared_acceptor	0.6446738929302527	0.6613991632514638	-0.016725270321211072	-0.036951659797681335	0.016725270321211072	0.036951659797681335
148	chr11	82952196	82956263	15079	2	['ENSMUSG00000054404']	3	['ENSMUSG00000054404']	['ENSMUSG00000054404']	1	['ENSMUSG00000054404']	1	True	ENSMUSG00000054404	15079	2	+	shared_acceptor	0.4662426038585936	0.3842795573503873	0.0819630465082063	0.27892460809442854	0.0819630465082063	0.27892460809442854
149	chr11	82954783	82956263	15079	2	['ENSMUSG00000054404']	3	['ENSMUSG00000054404']	['ENSMUSG00000054404']	1	['ENSMUSG00000054404']	1	True	ENSMUSG00000054404	15079	2	+	shared_acceptor	0.5337573961414063	0.6157204426496127	-0.0819630465082064	-0.2060913122439606	0.0819630465082064	0.2060913122439606
150	chr11	114668610	114668781	15405	2	['ENSMUSG00000057322']	3	['ENSMUSG00000057322']	['ENSMUSG00000057322']	1	['ENSMUSG00000057322']	1	True	ENSMUSG00000057322	15405	3	+	shared_acceptor	0.7149550083611157	0.6330641963786562	0.08189081198245951	0.17550065194511189	0.08189081198245951	0.17550065194511189
151	chr11	114668627	114668781	15405	2	['ENSMUSG00000057322']	3	['ENSMUSG00000057322']	['ENSMUSG00000057322']	1	['ENSMUSG00000057322']	1	True	ENSMUSG00000057322	15405	3	+	shared_acceptor	0.2751707319779107	0.35017943135292734	-0.07500869937501664	-0.3477673162775108	0.07500869937501664	0.3477673162775108
152	chr11	114668686	114668781	15405	1	['ENSMUSG00000057322']	3	['ENSMUSG00000057322']	['ENSMUSG00000057322']	1	['ENSMUSG00000057322']	1	True	ENSMUSG00000057322	15405	3	+	shared_acceptor	0.009874259660973547	0.016756372268416638	-0.006882112607443092	-0.7629652924532575	0.006882112607443092	0.7629652924532575
153	chr12	8931749	8934696	15592	2	['ENSMUSG00000020585']	2	['ENSMUSG00000020585']	['ENSMUSG00000020585']	1	['ENSMUSG00000020585']	1	True	ENSMUSG00000020585	15592	2	+	shared_acceptor	0.9921033591678939	0.978802251967293	0.013301107200600959	0.019473010383225332	0.013301107200600959	0.019473010383225332
154	chr12	8934287	8934696	15592	0	[]	2	['ENSMUSG00000020585']	['ENSMUSG00000020585']	1	['ENSMUSG00000020585']	1	False	ENSMUSG00000020585	15592	2	+	shared_acceptor	0.00789664083210596	0.021197748032707044	-0.013301107200601084	-1.424599913953541	0.013301107200601084	1.424599913953541
155	chr12	80945669	80946576	15788	2	['ENSMUSG00000021134']	11	['ENSMUSG00000021134']	['ENSMUSG00000021134']	1	['ENSMUSG00000021134']	1	True	ENSMUSG00000021134	15788	3	+	shared_acceptor	0.09940492703172694	0.18761727702791386	-0.08821234999618692	-0.9164034137201003	0.08821234999618692	0.9164034137201003
156	chr12	80945673	80946576	15788	7	['ENSMUSG00000021134']	11	['ENSMUSG00000021134']	['ENSMUSG00000021134']	1	['ENSMUSG00000021134']	1	True	ENSMUSG00000021134	15788	3	+	shared_acceptor	0.6625081520023711	0.6136085014428779	0.04889965055949319	0.11061973523483026	0.04889965055949319	0.11061973523483026
157	chr12	80945799	80946576	15788	2	['ENSMUSG00000021134']	11	['ENSMUSG00000021134']	['ENSMUSG00000021134']	1	['ENSMUSG00000021134']	1	True	ENSMUSG00000021134	15788	3	+	shared_acceptor	0.23808692096590187	0.19877422152920807	0.0393126994366938	0.2603576988146563	0.0393126994366938	0.2603576988146563
158	chr12	103435574	103439401	15894	14	['ENSMUSG00000064215']	11	['ENSMUSG00000064215']	['ENSMUSG00000064215']	1	['ENSMUSG00000064215']	1	True	ENSMUSG00000064215	15894	3	+	shared_acceptor	0.055328251715685686	0.03685531892342594	0.01847293279225975	0.5861434818969071	0.01847293279225975	0.5861434818969071
159	chr12	103437706	103439401	15894	5	['ENSMUSG00000064215']	11	['ENSMUSG00000064215']	['ENSMUSG00000064215']	1	['ENSMUSG00000064215']	1	True	ENSMUSG00000064215	15894	3	+	shared_acceptor	0.9446717482843143	0.963144681076574	-0.0184729327922597	-0.02793941914835711	0.0184729327922597	0.02793941914835711
160	chr12	111539688	111540130	15960	22	['ENSMUSG00000021282']	17	['ENSMUSG00000021282']	['ENSMUSG00000021282']	1	['ENSMUSG00000021282']	1	True	ENSMUSG00000021282	15960	3	+	shared_acceptor	0.0435512949801391	0.04416103738575028	-0.00060974240561118	-0.020058444952074872	0.00060974240561118	0.020058444952074872
161	chr12	111539883	111540130	15960	13	['ENSMUSG00000021282']	17	['ENSMUSG00000021282']	['ENSMUSG00000021282']	1	['ENSMUSG00000021282']	1	True	ENSMUSG00000021282	15960	3	+	shared_acceptor	0.9564487050198609	0.9558389626142497	0.00060974240561118	0.0009200209660661929	0.00060974240561118	0.0009200209660661929
162	chr12	113140615	113144399	15988	2	['ENSMUSG00000006356']	8	['ENSMUSG00000006356']	['ENSMUSG00000006356']	1	['ENSMUSG00000006356']	1	False	ENSMUSG00000006356	15988	4	+	shared_acceptor	0.02304794032101286	0.02245170857187772	0.000596231749135142	0.03781259028825712	0.000596231749135142	0.03781259028825712
163	chr12	113144298	113144399	15988	8	['ENSMUSG00000006356']	8	['ENSMUSG00000006356']	['ENSMUSG00000006356']	1	['ENSMUSG00000006356']	1	True	ENSMUSG00000006356	15988	4	+	shared_acceptor	0.9769520596789872	0.9775482914281223	-0.0005962317491350344	-0.0008802051255838925	0.0005962317491350344	0.0008802051255838925
164	chr12	113143612	113144963	15989	6	['ENSMUSG00000006356']	7	['ENSMUSG00000006356']	['ENSMUSG00000006356']	1	['ENSMUSG00000006356']	1	False	ENSMUSG00000006356	15989	2	+	shared_acceptor	0.004303037057626597	0.004356635827384085	-5.359876975748797e-05	-0.017859254030932803	5.359876975748797e-05	0.017859254030932803
165	chr12	113144868	113144963	15989	7	['ENSMUSG00000006356']	7	['ENSMUSG00000006356']	['ENSMUSG00000006356']	1	['ENSMUSG00000006356']	1	True	ENSMUSG00000006356	15989	2	+	shared_acceptor	0.9956969629423734	0.9956433641726159	5.3598769757523534e-05	7.766294712664105e-05	5.3598769757523534e-05	7.766294712664105e-05
166	chr13	112835014	112856746	16392	2	['ENSMUSG00000021759']	4	['ENSMUSG00000021759']	['ENSMUSG00000021759']	1	['ENSMUSG00000021759']	1	True	ENSMUSG00000021759	16392	4	+	shared_acceptor	0.40005660452720937	0.45025389570850455	-0.05019729118129518	-0.17053461510643042	0.05019729118129518	0.17053461510643042
167	chr13	112851555	112856746	16392	2	['ENSMUSG00000021759']	4	['ENSMUSG00000021759']	['ENSMUSG00000021759']	1	['ENSMUSG00000021759']	1	True	ENSMUSG00000021759	16392	4	+	shared_acceptor	0.5999433954727906	0.5497461042914955	0.05019729118129512	0.12606091332863234	0.05019729118129512	0.12606091332863234
168	chr14	24493494	24495430	16501	12	['ENSMUSG00000025290']	7	['ENSMUSG00000025290']	['ENSMUSG00000025290']	1	['ENSMUSG00000025290']	1	True	ENSMUSG00000025290	16501	2	+	shared_acceptor	0.8247602363134402	0.9689825189328499	-0.14422228261940973	-0.23249585990532942	0.14422228261940973	0.23249585990532942
169	chr14	24494070	24495430	16501	1	['ENSMUSG00000025290']	7	['ENSMUSG00000025290']	['ENSMUSG00000025290']	1	['ENSMUSG00000025290']	1	True	ENSMUSG00000025290	16501	2	+	shared_acceptor	0.17523976368655983	0.03101748106715002	0.1442222826194098	2.4981767011693248	0.1442222826194098	2.4981767011693248
170	chr14	24493494	24495775	16502	12	['ENSMUSG00000025290']	5	['ENSMUSG00000025290']	['ENSMUSG00000025290']	1	['ENSMUSG00000025290']	1	True	ENSMUSG00000025290	16502	2	+	shared_acceptor	0.20332516923545144	0.08002249994430027	0.12330266929115116	1.3453111987357205	0.12330266929115116	1.3453111987357205
171	chr14	24495450	24495775	16502	3	['ENSMUSG00000025290']	5	['ENSMUSG00000025290']	['ENSMUSG00000025290']	1	['ENSMUSG00000025290']	1	True	ENSMUSG00000025290	16502	2	+	shared_acceptor	0.7966748307645486	0.9199775000556997	-0.12330266929115108	-0.20760758050230485	0.12330266929115108	0.20760758050230485
172	chr14	79560928	79567150	16826	6	['ENSMUSG00000036461']	6	['ENSMUSG00000036461']	['ENSMUSG00000036461']	1	['ENSMUSG00000036461']	1	True	ENSMUSG00000036461	16826	2	+	shared_acceptor	0.18442195260669775	0.10473215104310729	0.07968980156359046	0.8163059969222131	0.07968980156359046	0.8163059969222131
173	chr14	79565573	79567150	16826	4	['ENSMUSG00000036461']	6	['ENSMUSG00000036461']	['ENSMUSG00000036461']	1	['ENSMUSG00000036461']	1	True	ENSMUSG00000036461	16826	2	+	shared_acceptor	0.8155780473933022	0.8952678489568926	-0.0796898015635904	-0.1344964332901515	0.0796898015635904	0.1344964332901515
174	chr15	99393041	99401580	17286	6	['ENSMUSG00000023010']	7	['ENSMUSG00000023010']	['ENSMUSG00000023010']	1	['ENSMUSG00000023010']	1	True	ENSMUSG00000023010	17286	5	+	shared_acceptor	0.9786149230491132	0.9476321932418881	0.030982729807225162	0.04641407169408962	0.030982729807225162	0.04641407169408962
175	chr15	99393384	99401580	17286	1	['ENSMUSG00000023010']	7	['ENSMUSG00000023010']	['ENSMUSG00000023010']	1	['ENSMUSG00000023010']	1	True	ENSMUSG00000023010	17286	5	+	shared_acceptor	0.021385076950886813	0.05236780675811197	-0.03098272980722516	-1.292075745379834	0.03098272980722516	1.292075745379834
176	chr15	102459256	102460108	17339	2	['ENSMUSG00000023048']	4	['ENSMUSG00000023048']	['ENSMUSG00000023048']	1	['ENSMUSG00000023048']	1	True	ENSMUSG00000023048	17339	3	+	shared_acceptor	0.5009037344499686	0.34069642492113866	0.16020730952882994	0.5560465575114406	0.16020730952882994	0.5560465575114406
177	chr15	102459582	102460108	17339	2	['ENSMUSG00000023048']	4	['ENSMUSG00000023048']	['ENSMUSG00000023048']	1	['ENSMUSG00000023048']	1	True	ENSMUSG00000023048	17339	3	+	shared_acceptor	0.4990962655500314	0.6593035750788613	-0.1602073095288299	-0.4016247946803353	0.1602073095288299	0.4016247946803353
178	chr16	20540416	20540975	17507	8	['ENSMUSG00000022841']	9	['ENSMUSG00000022841']	['ENSMUSG00000022841']	1	['ENSMUSG00000022841']	1	True	ENSMUSG00000022841	17507	2	+	shared_acceptor	0.3155773212744929	0.43802432163456734	-0.12244700036007444	-0.4730174466265036	0.12244700036007444	0.4730174466265036
179	chr16	20540814	20540975	17507	7	['ENSMUSG00000022841']	9	['ENSMUSG00000022841']	['ENSMUSG00000022841']	1	['ENSMUSG00000022841']	1	True	ENSMUSG00000022841	17507	2	+	shared_acceptor	0.6844226787255072	0.5619756783654327	0.1224470003600745	0.28437987097825923	0.1224470003600745	0.28437987097825923
180	chr16	33056511	33057136	17591	2	['ENSMUSG00000060636']	6	['ENSMUSG00000060636']	['ENSMUSG00000060636']	1	['ENSMUSG00000060636']	1	True	ENSMUSG00000060636	17591	4	+	shared_acceptor	0.8608535678583745	0.8636645727133315	-0.002811004854957	-0.004703257397848881	0.002811004854957	0.004703257397848881
181	chr16	33056556	33057136	17591	2	['ENSMUSG00000060636']	6	['ENSMUSG00000060636']	['ENSMUSG00000060636']	1	['ENSMUSG00000060636']	1	True	ENSMUSG00000060636	17591	4	+	shared_acceptor	0.13914643214162542	0.13633542728666848	0.0028110048549569444	0.029443416006490697	0.0028110048549569444	0.029443416006490697
182	chr16	49868113	49884165	17702	19	['ENSMUSG00000055447']	19	['ENSMUSG00000055447']	['ENSMUSG00000055447']	1	['ENSMUSG00000055447']	1	True	ENSMUSG00000055447	17702	2	+	shared_acceptor	0.8311112518144533	0.8130959768845814	0.018015274929871983	0.03161595139822504	0.018015274929871983	0.03161595139822504
183	chr16	49869081	49884165	17702	10	['ENSMUSG00000055447']	19	['ENSMUSG00000055447']	['ENSMUSG00000055447']	1	['ENSMUSG00000055447']	1	True	ENSMUSG00000055447	17702	2	+	shared_acceptor	0.16888874818554656	0.18690402311541868	-0.01801527492987212	-0.1462244074664607	0.01801527492987212	0.1462244074664607
184	chr16	49906813	49910869	17705	19	['ENSMUSG00000055447']	18	['ENSMUSG00000055447']	['ENSMUSG00000055447']	1	['ENSMUSG00000055447']	1	True	ENSMUSG00000055447	17705	4	+	shared_acceptor	0.9431075122955567	0.9406761372430646	0.002431375052492024	0.0037241375098681084	0.002431375052492024	0.0037241375098681084
185	chr16	49908079	49910869	17705	6	['ENSMUSG00000055447']	18	['ENSMUSG00000055447']	['ENSMUSG00000055447']	1	['ENSMUSG00000055447']	1	True	ENSMUSG00000055447	17705	4	+	shared_acceptor	0.056892487704443315	0.05932386275693544	-0.002431375052492128	-0.06037437177696248	0.002431375052492128	0.06037437177696248
186	chr17	23803399	23808066	17922	2	['ENSMUSG00000039218']	7	['ENSMUSG00000039218']	['ENSMUSG00000039218']	1	['ENSMUSG00000039218']	1	True	ENSMUSG00000039218	17922	2	+	shared_acceptor	0.05339644467834365	0.06366085884747774	-0.010264414169134088	-0.25366293068165024	0.010264414169134088	0.25366293068165024
187	chr17	23807203	23808066	17922	6	['ENSMUSG00000039218']	7	['ENSMUSG00000039218']	['ENSMUSG00000039218']	1	['ENSMUSG00000039218']	1	True	ENSMUSG00000039218	17922	2	+	shared_acceptor	0.9466035553216563	0.9363391411525223	0.01026441416913404	0.01572917340252769	0.01026441416913404	0.01572917340252769
188	chr17	29038625	29040775	18051	6	['ENSMUSG00000071172']	5	['ENSMUSG00000071172']	['ENSMUSG00000071172']	1	['ENSMUSG00000071172']	1	True	ENSMUSG00000071172	18051	2	+	shared_acceptor	0.7382985499286034	0.8129072268606429	-0.07460867693203943	-0.1388863887994402	0.07460867693203943	0.1388863887994402
189	chr17	29039910	29040775	18051	3	['ENSMUSG00000071172']	5	['ENSMUSG00000071172']	['ENSMUSG00000071172']	1	['ENSMUSG00000071172']	1	True	ENSMUSG00000071172	18051	2	+	shared_acceptor	0.26170145007139667	0.1870927731393571	0.07460867693203957	0.4841680836359046	0.07460867693203957	0.4841680836359046
190	chr17	35266515	35266866	18208	4	['ENSMUSG00000073411']	3	['ENSMUSG00000073411']	['ENSMUSG00000073411']	1	['ENSMUSG00000073411']	1	False	ENSMUSG00000073411	18208	2	+	shared_acceptor	0.0333188110424918	0.0424549895406152	-0.009136178498123398	-0.34959718766979897	0.009136178498123398	0.34959718766979897
191	chr17	35266727	35266866	18208	2	['ENSMUSG00000073411']	3	['ENSMUSG00000073411']	['ENSMUSG00000073411']	1	['ENSMUSG00000073411']	1	True	ENSMUSG00000073411	18208	2	+	shared_acceptor	0.9666811889575082	0.9575450104593848	0.009136178498123426	0.013699863819603635	0.009136178498123426	0.013699863819603635
192	chr18	31922477	31941740	18591	2	['ENSMUSG00000024395']	7	['ENSMUSG00000024395']	['ENSMUSG00000024395']	1	['ENSMUSG00000024395']	1	True	ENSMUSG00000024395	18591	3	+	shared_acceptor	0.6679050905497409	0.07305241234792015	0.5948526782018208	3.192639272589937	0.5948526782018208	3.192639272589937
193	chr18	31931551	31941740	18591	4	['ENSMUSG00000024395']	7	['ENSMUSG00000024395']	['ENSMUSG00000024395']	1	['ENSMUSG00000024395']	1	True	ENSMUSG00000024395	18591	3	+	shared_acceptor	0.33209490945025916	0.9269475876520799	-0.5948526782018206	-1.4808921556243397	0.5948526782018206	1.4808921556243397
194	chr18	61569563	61575410	18722	14	['ENSMUSG00000024576']	14	['ENSMUSG00000024576']	['ENSMUSG00000024576']	1	['ENSMUSG00000024576']	1	True	ENSMUSG00000024576	18722	3	+	shared_acceptor	0.9258498519553539	0.9168369546622455	0.00901289729310839	0.014113050422967469	0.00901289729310839	0.014113050422967469
195	chr18	61571958	61575410	18722	4	['ENSMUSG00000024576']	14	['ENSMUSG00000024576']	['ENSMUSG00000024576']	1	['ENSMUSG00000024576']	1	True	ENSMUSG00000024576	18722	3	+	shared_acceptor	0.07415014804464613	0.08316304533775462	-0.009012897293108488	-0.1654930138357944	0.009012897293108488	0.1654930138357944
196	chr18	69564685	69633577	18766	64	['ENSMUSG00000053477']	85	['ENSMUSG00000053477']	['ENSMUSG00000053477']	1	['ENSMUSG00000053477']	1	True	ENSMUSG00000053477	18766	4	+	shared_acceptor	0.35386044560761254	0.453648212499378	-0.09978776689176544	-0.3583934663937254	0.09978776689176544	0.3583934663937254
197	chr18	69593585	69633577	18766	14	['ENSMUSG00000053477']	85	['ENSMUSG00000053477']	['ENSMUSG00000053477']	1	['ENSMUSG00000053477']	1	True	ENSMUSG00000053477	18766	4	+	shared_acceptor	0.6461395543923876	0.5463517875006221	0.0997877668917655	0.24201561460583565	0.0997877668917655	0.24201561460583565
198	chr18	69678118	69681569	18767	26	['ENSMUSG00000053477']	46	['ENSMUSG00000053477']	['ENSMUSG00000053477']	1	['ENSMUSG00000053477']	1	True	ENSMUSG00000053477	18767	2	+	shared_acceptor	0.4311099679430472	0.519594702474694	-0.08848473453164679	-0.2693308010115316	0.08848473453164679	0.2693308010115316
199	chr18	69678130	69681569	18767	20	['ENSMUSG00000053477']	46	['ENSMUSG00000053477']	['ENSMUSG00000053477']	1	['ENSMUSG00000053477']	1	True	ENSMUSG00000053477	18767	2	+	shared_acceptor	0.5688900320569529	0.4804052975253061	0.08848473453164679	0.24389774224204985	0.08848473453164679	0.24389774224204985
200	chr18	75001244	75001666	18779	4	['ENSMUSG00000062328']	4	['ENSMUSG00000062328']	['ENSMUSG00000062328']	1	['ENSMUSG00000062328']	1	False	ENSMUSG00000062328	18779	2	+	shared_acceptor	0.03720281215859336	0.05289341018830938	-0.015690598029716014	-0.5076763028223636	0.015690598029716014	0.5076763028223636
201	chr18	75001391	75001666	18779	4	['ENSMUSG00000062328']	4	['ENSMUSG00000062328']	['ENSMUSG00000062328']	1	['ENSMUSG00000062328']	1	True	ENSMUSG00000062328	18779	2	+	shared_acceptor	0.9627971878414066	0.9471065898116906	0.015690598029715952	0.023705128497745274	0.015690598029715952	0.023705128497745274
202	chr19	21277090	21279625	19048	7	['ENSMUSG00000024750']	7	['ENSMUSG00000024750']	['ENSMUSG00000024750']	1	['ENSMUSG00000024750']	1	True	ENSMUSG00000024750	19048	2	+	shared_acceptor	0.07177083221838708	0.0637895359780918	0.007981296240295283	0.17007786304478856	0.007981296240295283	0.17007786304478856
203	chr19	21277759	21279625	19048	5	['ENSMUSG00000024750']	7	['ENSMUSG00000024750']	['ENSMUSG00000024750']	1	['ENSMUSG00000024750']	1	True	ENSMUSG00000024750	19048	2	+	shared_acceptor	0.9282291677816129	0.9362104640219082	-0.00798129624029531	-0.012351858042089076	0.00798129624029531	0.012351858042089076
204	chr19	34290745	34307125	19100	8	['ENSMUSG00000024778']	9	['ENSMUSG00000024778']	['ENSMUSG00000024778']	1	['ENSMUSG00000024778']	1	True	ENSMUSG00000024778	19100	3	+	shared_acceptor	0.9013116783370064	0.9007423600192827	0.0005693183177237771	0.0009115739290830593	0.0005693183177237771	0.0009115739290830593
205	chr19	34300183	34307125	19100	1	['ENSMUSG00000024778']	9	['ENSMUSG00000024778']	['ENSMUSG00000024778']	1	['ENSMUSG00000024778']	1	True	ENSMUSG00000024778	19100	3	+	shared_acceptor	0.09868832166299356	0.09925763998071731	-0.0005693183177237493	-0.00829877976126836	0.0005693183177237493	0.00829877976126836
206	chr2	84936645	84937523	19732	3	['ENSMUSG00000027074']	3	['ENSMUSG00000027074']	['ENSMUSG00000027074']	1	['ENSMUSG00000027074']	1	True	ENSMUSG00000027074	19732	2	+	shared_acceptor	0.15606498290872434	0.21864455910349245	-0.06257957619476812	-0.48644057641084437	0.06257957619476812	0.48644057641084437
207	chr2	84936850	84937523	19732	2	['ENSMUSG00000027074']	3	['ENSMUSG00000027074']	['ENSMUSG00000027074']	1	['ENSMUSG00000027074']	1	True	ENSMUSG00000027074	19732	2	+	shared_acceptor	0.8439350170912757	0.7813554408965077	0.06257957619476806	0.11115293178524113	0.06257957619476806	0.11115293178524113
208	chr2	84944595	84955431	19735	0	[]	2	['ENSMUSG00000027074']	['ENSMUSG00000027074']	1	['ENSMUSG00000027074']	1	False	ENSMUSG00000027074	19735	2	+	shared_acceptor	0.005624227419085767	0.003567236657266971	0.002056990761818796	0.6568478538203415	0.002056990761818796	0.6568478538203415
209	chr2	84950541	84955431	19735	2	['ENSMUSG00000027074']	2	['ENSMUSG00000027074']	['ENSMUSG00000027074']	1	['ENSMUSG00000027074']	1	True	ENSMUSG00000027074	19735	2	+	shared_acceptor	0.9943757725809141	0.996432763342733	-0.0020569907618188665	-0.002981312738785943	0.0020569907618188665	0.002981312738785943
210	chr2	84956387	84957686	19736	2	['ENSMUSG00000027074']	2	['ENSMUSG00000027074']	['ENSMUSG00000027074']	1	['ENSMUSG00000027074']	1	True	ENSMUSG00000027074	19736	3	+	shared_acceptor	0.9933166531258979	0.970619533260557	0.022697119865340842	0.03334780470546349	0.022697119865340842	0.03334780470546349
211	chr2	84956670	84957686	19736	0	[]	2	['ENSMUSG00000027074']	['ENSMUSG00000027074']	1	['ENSMUSG00000027074']	1	False	ENSMUSG00000027074	19736	3	+	shared_acceptor	0.006683346874102067	0.02938046673944291	-0.022697119865340842	-2.1362144891069743	0.022697119865340842	2.1362144891069743
212	chr2	154859751	154861840	20069	14	['ENSMUSG00000027593']	14	['ENSMUSG00000027593']	['ENSMUSG00000027593']	1	['ENSMUSG00000027593']	1	True	ENSMUSG00000027593	20069	3	+	shared_acceptor	0.9233774923878544	0.9311971763727439	-0.007819683984889525	-0.012166116942761193	0.007819683984889525	0.012166116942761193
213	chr2	154859959	154861840	20069	6	['ENSMUSG00000027593']	14	['ENSMUSG00000027593']	['ENSMUSG00000027593']	1	['ENSMUSG00000027593']	1	True	ENSMUSG00000027593	20069	3	+	shared_acceptor	0.07662250761214565	0.0688028236272561	0.007819683984889553	0.15530046574173983	0.007819683984889553	0.15530046574173983
214	chr3	90088477	90089797	20541	5	['ENSMUSG00000027940']	12	['ENSMUSG00000027940']	['ENSMUSG00000027940']	1	['ENSMUSG00000027940']	1	True	ENSMUSG00000027940	20541	2	+	shared_acceptor	0.898343829073921	0.9235755376741815	-0.025231708600260583	-0.03996223869151232	0.025231708600260583	0.03996223869151232
215	chr3	90089124	90089797	20541	6	['ENSMUSG00000027940']	12	['ENSMUSG00000027940']	['ENSMUSG00000027940']	1	['ENSMUSG00000027940']	1	True	ENSMUSG00000027940	20541	2	+	shared_acceptor	0.1016561709260791	0.07642446232581845	0.025231708600260652	0.4115913880008053	0.025231708600260652	0.4115913880008053
216	chr3	90090080	90099528	20542	11	['ENSMUSG00000027940']	8	['ENSMUSG00000027940']	['ENSMUSG00000027940']	1	['ENSMUSG00000027940']	1	True	ENSMUSG00000027940	20542	2	+	shared_acceptor	0.9111863464541098	0.8597785324591135	0.051407813994996276	0.08378104067853656	0.051407813994996276	0.08378104067853656
217	chr3	90091092	90099528	20542	5	['ENSMUSG00000027940']	8	['ENSMUSG00000027940']	['ENSMUSG00000027940']	1	['ENSMUSG00000027940']	1	True	ENSMUSG00000027940	20542	2	+	shared_acceptor	0.08881365354589014	0.1402214675408865	-0.051407813994996346	-0.6588538452818291	0.051407813994996346	0.6588538452818291
218	chr3	90537418	90541994	20561	3	['ENSMUSG00000074457']	6	['ENSMUSG00000074457']	['ENSMUSG00000074457']	1	['ENSMUSG00000074457']	1	True	ENSMUSG00000074457	20561	7	+	shared_acceptor	0.28982397728390674	0.9744747407632339	-0.6846507634793272	-1.7494478318333255	0.6846507634793272	1.7494478318333255
219	chr3	90541318	90541994	20561	1	['ENSMUSG00000074457']	6	['ENSMUSG00000074457']	['ENSMUSG00000074457']	1	['ENSMUSG00000074457']	1	True	ENSMUSG00000074457	20561	7	+	shared_acceptor	0.7101760227160933	0.025525259236765994	0.6846507634793273	4.798179079343005	0.6846507634793273	4.798179079343005
220	chr3	104789084	104791889	20670	2	['ENSMUSG00000002233']	5	['ENSMUSG00000002233']	['ENSMUSG00000002233']	1	['ENSMUSG00000002233']	1	True	ENSMUSG00000002233	20670	3	+	shared_acceptor	0.9033158449683887	0.9365789096767483	-0.0332630647083596	-0.05217003589438578	0.0332630647083596	0.05217003589438578
221	chr3	104789102	104791889	20670	1	['ENSMUSG00000002233']	5	['ENSMUSG00000002233']	['ENSMUSG00000002233']	1	['ENSMUSG00000002233']	1	True	ENSMUSG00000002233	20670	3	+	shared_acceptor	0.09668415503161132	0.0634210903232518	0.03326306470835952	0.6083167866852968	0.03326306470835952	0.6083167866852968
222	chr3	135438353	135439644	20797	1	['ENSMUSG00000078578']	9	['ENSMUSG00000078578']	['ENSMUSG00000078578']	1	['ENSMUSG00000078578']	1	True	ENSMUSG00000078578	20797	9	+	shared_acceptor	0.06265478983123934	0.19598751832245562	-0.13333272849121627	-1.645265052026557	0.13333272849121627	1.645265052026557
223	chr3	135438433	135439644	20797	1	['ENSMUSG00000078578']	9	['ENSMUSG00000078578']	['ENSMUSG00000078578']	1	['ENSMUSG00000078578']	1	True	ENSMUSG00000078578	20797	9	+	shared_acceptor	0.010389994254069536	0.02863562815655021	-0.018245633902480674	-1.4626163061726283	0.018245633902480674	1.4626163061726283
224	chr3	135438699	135439644	20797	3	['ENSMUSG00000078578']	9	['ENSMUSG00000078578']	['ENSMUSG00000078578']	1	['ENSMUSG00000078578']	1	True	ENSMUSG00000078578	20797	9	+	shared_acceptor	0.4496928529565642	0.2554294490630149	0.1942634038935493	0.8160150864162989	0.1942634038935493	0.8160150864162989
225	chr3	135438865	135439644	20797	3	['ENSMUSG00000078578']	9	['ENSMUSG00000078578']	['ENSMUSG00000078578']	1	['ENSMUSG00000078578']	1	True	ENSMUSG00000078578	20797	9	+	shared_acceptor	0.4772623629581269	0.5199474044579794	-0.04268504149985247	-0.12358312429531715	0.04268504149985247	0.12358312429531715
226	chr4	102570879	102590831	21179	8	['ENSMUSG00000028525']	13	['ENSMUSG00000028525']	['ENSMUSG00000028525']	1	['ENSMUSG00000028525']	1	True	ENSMUSG00000028525	21179	2	+	shared_acceptor	0.9445211842732949	0.9652249179795139	-0.02070373370621903	-0.031282005633492475	0.02070373370621903	0.031282005633492475
227	chr4	102590202	102590831	21179	4	['ENSMUSG00000028525']	13	['ENSMUSG00000028525']	['ENSMUSG00000028525']	1	['ENSMUSG00000028525']	1	True	ENSMUSG00000028525	21179	2	+	shared_acceptor	0.05547881572670511	0.03477508202048616	0.020703733706218946	0.6738830586437556	0.020703733706218946	0.6738830586437556
228	chr4	134924034	134924307	21498	1	['ENSMUSG00000037266']	1	['ENSMUSG00000037266']	['ENSMUSG00000037266']	1	['ENSMUSG00000037266']	1	True	ENSMUSG00000037266	21498	2	+	shared_acceptor	0.8637478791938697	0.8763474306483322	-0.012599551454462454	-0.020892680940323982	0.012599551454462454	0.020892680940323982
229	chr4	134924211	134924307	21498	0	[]	1	['ENSMUSG00000037266']	['ENSMUSG00000037266']	1	['ENSMUSG00000037266']	1	False	ENSMUSG00000037266	21498	2	+	shared_acceptor	0.13625212080613025	0.12365256935166778	0.012599551454462468	0.13998646747002708	0.012599551454462468	0.13998646747002708
230	chr4	136521444	136540356	21530	3	['ENSMUSG00000001089']	4	['ENSMUSG00000001089']	['ENSMUSG00000001089']	1	['ENSMUSG00000001089']	1	True	ENSMUSG00000001089	21530	3	+	shared_acceptor	0.7597761348228989	0.6323712862482398	0.12740484857465906	0.26480253463956127	0.12740484857465906	0.26480253463956127
231	chr4	136539217	136540356	21530	1	['ENSMUSG00000001089']	4	['ENSMUSG00000001089']	['ENSMUSG00000001089']	1	['ENSMUSG00000001089']	1	True	ENSMUSG00000001089	21530	3	+	shared_acceptor	0.24022386517710112	0.36762871375176026	-0.12740484857465914	-0.613869967552177	0.12740484857465914	0.613869967552177
232	chr4	139287833	139291003	21570	9	['ENSMUSG00000028745']	8	['ENSMUSG00000028745']	['ENSMUSG00000028745']	1	['ENSMUSG00000028745']	1	True	ENSMUSG00000028745	21570	3	+	shared_acceptor	0.8284100854350666	0.7271979465597078	0.10121213887535874	0.18799699174022982	0.10121213887535874	0.18799699174022982
233	chr4	139288974	139291003	21570	2	['ENSMUSG00000028745']	8	['ENSMUSG00000028745']	['ENSMUSG00000028745']	1	['ENSMUSG00000028745']	1	True	ENSMUSG00000028745	21570	3	+	shared_acceptor	0.17158991456493342	0.2728020534402922	-0.10121213887535876	-0.6688897418337694	0.10121213887535876	0.6688897418337694
234	chr4	155491581	155527413	21694	3	['ENSMUSG00000029064']	6	['ENSMUSG00000029064']	['ENSMUSG00000029064']	1	['ENSMUSG00000029064']	1	True	ENSMUSG00000029064	21694	2	+	shared_acceptor	0.5235290306413092	0.42003915721068646	0.10348987343062271	0.3177457125931826	0.10348987343062271	0.3177457125931826
235	chr4	155515680	155527413	21694	2	['ENSMUSG00000029064']	6	['ENSMUSG00000029064']	['ENSMUSG00000029064']	1	['ENSMUSG00000029064']	1	True	ENSMUSG00000029064	21694	2	+	shared_acceptor	0.47647096935869077	0.5799608427893135	-0.10348987343062271	-0.28356718093159383	0.10348987343062271	0.28356718093159383
236	chr6	117906840	117917470	23084	3	['ENSMUSG00000042079']	7	['ENSMUSG00000042079']	['ENSMUSG00000042079']	1	['ENSMUSG00000042079']	1	True	ENSMUSG00000042079	23084	6	+	shared_acceptor	0.057247551351567325	0.47266415776541953	-0.4154166064138522	-3.0455295555160937	0.4154166064138522	3.0455295555160937
237	chr6	117907209	117917470	23084	2	['ENSMUSG00000042079']	7	['ENSMUSG00000042079']	['ENSMUSG00000042079']	1	['ENSMUSG00000042079']	1	True	ENSMUSG00000042079	23084	6	+	shared_acceptor	0.8777390842028024	0.4324559981002193	0.44528308610258316	1.0212388001272656	0.44528308610258316	1.0212388001272656
238	chr6	117907880	117917470	23084	0	[]	7	['ENSMUSG00000042079']	['ENSMUSG00000042079']	1	['ENSMUSG00000042079']	1	False	ENSMUSG00000042079	23084	6	+	shared_acceptor	0.035732071006439416	0.05034239649478581	-0.014610325488346391	-0.4945543503711285	0.014610325488346391	0.4945543503711285
239	chr6	117907919	117917470	23084	0	[]	7	['ENSMUSG00000042079']	['ENSMUSG00000042079']	1	['ENSMUSG00000042079']	1	False	ENSMUSG00000042079	23084	6	+	shared_acceptor	0.02928129343919076	0.04453744763957533	-0.015256154200384571	-0.6050395823478212	0.015256154200384571	0.6050395823478212
240	chr6	117917599	117923708	23085	9	['ENSMUSG00000042079']	9	['ENSMUSG00000042079']	['ENSMUSG00000042079']	1	['ENSMUSG00000042079']	1	True	ENSMUSG00000042079	23085	2	+	shared_acceptor	0.034504078471889	0.029969127428011617	0.004534951043877383	0.20328981655876355	0.004534951043877383	0.20328981655876355
241	chr6	117919160	117923708	23085	8	['ENSMUSG00000042079']	9	['ENSMUSG00000042079']	['ENSMUSG00000042079']	1	['ENSMUSG00000042079']	1	True	ENSMUSG00000042079	23085	2	+	shared_acceptor	0.9654959215281109	0.9700308725719883	-0.0045349510438773555	-0.006760498864767782	0.0045349510438773555	0.006760498864767782
242	chr7	3705920	3706651	23288	11	['ENSMUSG00000006333']	7	['ENSMUSG00000006333']	['ENSMUSG00000006333']	1	['ENSMUSG00000006333']	1	True	ENSMUSG00000006333	23288	3	+	shared_acceptor	0.993930240253214	0.9911993122823105	0.002730927970903463	0.003969412189855167	0.002730927970903463	0.003969412189855167
243	chr7	3706182	3706651	23288	1	['ENSMUSG00000006333']	7	['ENSMUSG00000006333']	['ENSMUSG00000006333']	1	['ENSMUSG00000006333']	1	True	ENSMUSG00000006333	23288	3	+	shared_acceptor	0.006069759746785956	0.008800687717689548	-0.002730927970903592	-0.5359767789675676	0.002730927970903592	0.5359767789675676
244	chr7	12922389	12922973	23334	3	['ENSMUSG00000012848']	14	['ENSMUSG00000012848']	['ENSMUSG00000012848']	1	['ENSMUSG00000012848']	1	True	ENSMUSG00000012848	23334	4	+	shared_acceptor	0.978417109257956	0.9837857475056653	-0.005368638247709279	-0.007894522290088545	0.005368638247709279	0.007894522290088545
245	chr7	12922423	12922973	23334	1	['ENSMUSG00000012848']	14	['ENSMUSG00000012848']	['ENSMUSG00000012848']	1	['ENSMUSG00000012848']	1	True	ENSMUSG00000012848	23334	4	+	shared_acceptor	0.02158289074204405	0.016214252494334593	0.005368638247709459	0.41262557096818764	0.005368638247709459	0.41262557096818764
246	chr7	24884668	24885136	23426	4	['ENSMUSG00000040952']	18	['ENSMUSG00000040952']	['ENSMUSG00000040952']	1	['ENSMUSG00000040952']	1	True	ENSMUSG00000040952	23426	3	+	shared_acceptor	0.9929715616854929	0.986240802736377	0.0067307589491159	0.009812458891046635	0.0067307589491159	0.009812458891046635
247	chr7	24884870	24885136	23426	1	['ENSMUSG00000040952']	18	['ENSMUSG00000040952']	['ENSMUSG00000040952']	1	['ENSMUSG00000040952']	1	True	ENSMUSG00000040952	23426	3	+	shared_acceptor	0.007028438314507061	0.013759197263622909	-0.006730758949115848	-0.9691201325959913	0.006730758949115848	0.9691201325959913
248	chr7	24885553	24888282	23428	14	['ENSMUSG00000040952']	13	['ENSMUSG00000040952']	['ENSMUSG00000040952']	1	['ENSMUSG00000040952']	1	True	ENSMUSG00000040952	23428	2	+	shared_acceptor	0.9969730872829988	0.9876151988521458	0.009357888430853056	0.013605521478785222	0.009357888430853056	0.013605521478785222
249	chr7	24886188	24888282	23428	1	['ENSMUSG00000040952']	13	['ENSMUSG00000040952']	['ENSMUSG00000040952']	1	['ENSMUSG00000040952']	1	True	ENSMUSG00000040952	23428	2	+	shared_acceptor	0.0030269127170011604	0.012384801147854296	-0.009357888430853136	-2.0326513646910174	0.009357888430853136	2.0326513646910174
250	chr7	141447689	141447908	24281	0	[]	10	['ENSMUSG00000025508']	['ENSMUSG00000025508']	1	['ENSMUSG00000025508']	1	False	ENSMUSG00000025508	24281	3	+	shared_acceptor	0.017345878822973674	0.016300667720647623	0.0010452111023260512	0.08966186832532319	0.0010452111023260512	0.08966186832532319
251	chr7	141447708	141447908	24281	3	['ENSMUSG00000025508']	10	['ENSMUSG00000025508']	['ENSMUSG00000025508']	1	['ENSMUSG00000025508']	1	True	ENSMUSG00000025508	24281	3	+	shared_acceptor	0.9826541211770263	0.9836993322793525	-0.001045211102326138	-0.0015337232600185248	0.001045211102326138	0.0015337232600185248
252	chr7	141467467	141468419	24285	3	['ENSMUSG00000025510']	4	['ENSMUSG00000025510']	['ENSMUSG00000025510']	1	['ENSMUSG00000025510']	1	True	ENSMUSG00000025510	24285	2	+	shared_acceptor	0.5045841220490707	0.5070993226112737	-0.0025152005622030016	-0.007173538059071838	0.0025152005622030016	0.007173538059071838
253	chr7	141467585	141468419	24285	3	['ENSMUSG00000025510']	4	['ENSMUSG00000025510']	['ENSMUSG00000025510']	1	['ENSMUSG00000025510']	1	True	ENSMUSG00000025510	24285	2	+	shared_acceptor	0.4954158779509294	0.49290067738872634	0.002515200562203057	0.007343143621204362	0.002515200562203057	0.007343143621204362
254	chr8	72319150	72320744	24662	2	['ENSMUSG00000055148']	2	['ENSMUSG00000055148']	['ENSMUSG00000055148']	1	['ENSMUSG00000055148']	1	False	ENSMUSG00000055148	24662	2	+	shared_acceptor	0.09983320188206801	0.07433929368516519	0.025493908196902823	0.4253947117309762	0.025493908196902823	0.4253947117309762
255	chr8	72320243	72320744	24662	2	['ENSMUSG00000055148']	2	['ENSMUSG00000055148']	['ENSMUSG00000055148']	1	['ENSMUSG00000055148']	1	True	ENSMUSG00000055148	24662	2	+	shared_acceptor	0.900166798117932	0.9256607063148349	-0.025493908196902892	-0.04029112862749441	0.025493908196902892	0.04029112862749441
256	chr8	94179339	94180102	24785	4	['ENSMUSG00000031765']	2	['ENSMUSG00000031765']	['ENSMUSG00000031765']	1	['ENSMUSG00000031762', 'ENSMUSG00000031765']	2	False	ENSMUSG00000031765	24785	2	+	shared_acceptor	0.0013816498268974316	0.0013092243109049696	7.242551599246196e-05	0.07767966248670533	7.242551599246196e-05	0.07767966248670533
257	chr8	94179889	94180102	24785	2	['ENSMUSG00000031765']	2	['ENSMUSG00000031765']	['ENSMUSG00000031765']	1	['ENSMUSG00000031762', 'ENSMUSG00000031765']	2	True	ENSMUSG00000031765	24785	2	+	shared_acceptor	0.9986183501731026	0.998690775689095	-7.242551599240254e-05	-0.00010462870403411036	7.242551599240254e-05	0.00010462870403411036
258	chr8	128480969	128487897	25020	0	[]	2	['ENSMUSG00000025810']	['ENSMUSG00000025810']	1	['ENSMUSG00000025810']	1	False	ENSMUSG00000025810	25020	2	+	shared_acceptor	0.28721954261611377	0.06917216132199873	0.21804738129411505	2.0538904585998	0.21804738129411505	2.0538904585998
259	chr8	128480990	128487897	25020	2	['ENSMUSG00000025810']	2	['ENSMUSG00000025810']	['ENSMUSG00000025810']	1	['ENSMUSG00000025810']	1	True	ENSMUSG00000025810	25020	2	+	shared_acceptor	0.7127804573838862	0.9308278386780013	-0.21804738129411516	-0.3850565758341854	0.21804738129411516	0.3850565758341854
260	chr9	21027679	21027771	25082	2	['ENSMUSG00000037405']	2	['ENSMUSG00000037405']	['ENSMUSG00000037405']	1	['ENSMUSG00000037405']	1	False	ENSMUSG00000037405	25082	2	+	shared_acceptor	0.07495692044598741	0.05093494700919862	0.024021973436788788	0.5574058285444159	0.024021973436788788	0.5574058285444159
261	chr9	21027681	21027771	25082	2	['ENSMUSG00000037405']	2	['ENSMUSG00000037405']	['ENSMUSG00000037405']	1	['ENSMUSG00000037405']	1	True	ENSMUSG00000037405	25082	2	+	shared_acceptor	0.9250430795540127	0.9490650529908012	-0.02402197343678858	-0.03698642513837962	0.02402197343678858	0.03698642513837962
262	chr9	40802023	40804463	25179	0	[]	4	['ENSMUSG00000015656']	['ENSMUSG00000015656']	1	['ENSMUSG00000015656']	1	False	ENSMUSG00000015656	25179	2	+	shared_acceptor	0.00024001581238292016	0.0002103006885210853	2.971512386183486e-05	0.19067503180833967	2.971512386183486e-05	0.19067503180833967
263	chr9	40804364	40804463	25179	4	['ENSMUSG00000015656']	4	['ENSMUSG00000015656']	['ENSMUSG00000015656']	1	['ENSMUSG00000015656']	1	True	ENSMUSG00000015656	25179	2	+	shared_acceptor	0.999759984187617	0.999789699311479	-2.9715123861961956e-05	-4.287951647223928e-05	2.9715123861961956e-05	4.287951647223928e-05
264	chr9	59675196	59678044	25338	2	['ENSMUSG00000032294']	4	['ENSMUSG00000032294']	['ENSMUSG00000032294']	1	['ENSMUSG00000032294']	1	True	ENSMUSG00000032294	25338	3	+	shared_acceptor	0.16306446687044174	0.19422517665458844	-0.0311607097841467	-0.2522877815902067	0.0311607097841467	0.2522877815902067
265	chr9	59675735	59678044	25338	2	['ENSMUSG00000032294']	4	['ENSMUSG00000032294']	['ENSMUSG00000032294']	1	['ENSMUSG00000032294']	1	True	ENSMUSG00000032294	25338	3	+	shared_acceptor	0.8369355331295583	0.8057748233454115	0.031160709784146756	0.05473977131910396	0.031160709784146756	0.05473977131910396
266	chr9	69479792	69489652	25401	7	['ENSMUSG00000032231']	5	['ENSMUSG00000032231']	['ENSMUSG00000032231']	1	['ENSMUSG00000032231']	1	False	ENSMUSG00000032231	25401	2	+	shared_acceptor	0.019266889576941785	0.022108991323744116	-0.0028421017468023314	-0.19850951359002522	0.0028421017468023314	0.19850951359002522
267	chr9	69488114	69489652	25401	5	['ENSMUSG00000032231']	5	['ENSMUSG00000032231']	['ENSMUSG00000032231']	1	['ENSMUSG00000032231']	1	True	ENSMUSG00000032231	25401	2	+	shared_acceptor	0.9807331104230583	0.977891008676256	0.002842101746802328	0.004186907461731618	0.002842101746802328	0.004186907461731618
268	chr9	106429577	106429970	25563	2	['ENSMUSG00000048758']	3	['ENSMUSG00000048758']	['ENSMUSG00000048758']	1	['ENSMUSG00000048758']	1	True	ENSMUSG00000048758	25563	3	+	shared_acceptor	0.8932614579621312	0.8681140291093717	0.025147428852759446	0.041197957503904814	0.025147428852759446	0.041197957503904814
269	chr9	106429640	106429970	25563	1	['ENSMUSG00000048758']	3	['ENSMUSG00000048758']	['ENSMUSG00000048758']	1	['ENSMUSG00000048758']	1	True	ENSMUSG00000048758	25563	3	+	shared_acceptor	0.10673854203786878	0.13188597089062828	-0.0251474288527595	-0.30520989581523805	0.0251474288527595	0.30520989581523805
